순번,자치구,행정동,상권코드,상권명,상권분류,면적(m²)
1,용산구,이태원1동,1001491,이태원 관광특구,관광특구,"392,647"
2,중구,소공동,1001492,"명동 남대문 북창동 다동
무교동 관광특구",관광특구,"928,278"
3,중구,광희동,1001493,동대문패션타운 관광특구,관광특구,"610,708"
4,종로구,종로1.2.3.4가동,1001494,종로·청계 관광특구,관광특구,"635,586"
5,송파구,오륜동,1001495,잠실 관광특구,관광특구,"2,334,402"
6,강남구,삼성1동,1001496,강남 마이스 관광특구,관광특구,"190,428"
7,종로구,평창동,2110001,이북5도청사,골목상권,"104,584"
8,종로구,무악동,2110002,독립문역 1번,골목상권,"29,573"
9,종로구,부암동,2110003,세검정초등학교,골목상권,"175,886"
10,종로구,무악동,2110004,대신고등학교,골목상권,"17,562"
11,종로구,부암동,2110005,세검정,골목상권,"216,967"
12,종로구,부암동,2110006,부암동주민센터,골목상권,"94,619"
13,종로구,사직동,2110007,"사직공원
(한국사회과학도서관)",골목상권,"86,559"
14,종로구,청운효자동,2110008,"배화여자대학교
(박노수미술관)",골목상권,"173,016"
15,종로구,부암동,2110009,자하문터널,골목상권,"182,858"
16,종로구,평창동,2110010,평창동서측,골목상권,"473,584"
17,종로구,청운효자동,2110011,청운초등학교,골목상권,"35,974"
18,종로구,사직동,2110012,성곡미술관,골목상권,"124,841"
19,종로구,사직동,2110013,체부동홍종문가옥,골목상권,"15,347"
20,종로구,청운효자동,2110014,경복고등학교,골목상권,"67,053"
21,종로구,청운효자동,2110015,청와대사랑채,골목상권,"69,745"
22,종로구,평창동,2110016,평창동동측,골목상권,"577,949"
23,종로구,가회동,2110017,정독도서관,골목상권,"86,178"
24,종로구,가회동,2110018,중앙고등학교,골목상권,"176,701"
25,종로구,종로1.2.3.4가동,2110019,창덕궁,골목상권,"46,594"
26,종로구,혜화동,2110020,서울국제고등학교,골목상권,"136,556"
27,종로구,혜화동,2110021,성균관대학교,골목상권,"85,052"
28,종로구,혜화동,2110022,경신고등학교,골목상권,"63,728"
29,종로구,이화동,2110023,서울대병원,골목상권,"31,100"
30,종로구,혜화동,2110024,혜회동주민센터,골목상권,"52,127"
31,종로구,종로5.6가동,2110025,충신시장옆,골목상권,"38,856"
32,종로구,종로5.6가동,2110026,종로5가역 4번,골목상권,"15,995"
33,종로구,이화동,2110027,혜화역 1번,골목상권,"111,531"
34,종로구,이화동,2110028,이화달팽이길,골목상권,"157,540"
35,종로구,창신2동,2110029,동대문역 1번,골목상권,"145,706"
36,종로구,창신1동,2110030,동대문역 3번,골목상권,"15,754"
37,종로구,창신3동,2110031,창신역 1번,골목상권,"28,041"
38,종로구,창신1동,2110032,수족관거리,골목상권,"11,726"
39,종로구,숭인1동,2110033,창신역 4번,골목상권,"61,925"
40,종로구,창신1동,2110034,창신1동주민센터,골목상권,"26,819"
41,종로구,숭인2동,2110035,동묘앞역 2번,골목상권,"89,201"
42,종로구,숭인2동,2110036,동묘앞역 3번,골목상권,"23,355"
43,종로구,숭인2동,2110037,신설동역 12번,골목상권,"54,607"
44,중구,소공동,2110038,경향신문사,골목상권,"34,458"
45,중구,회현동,2110039,회현역 1번,골목상권,"10,742"
46,중구,회현동,2110040,"중구회현체육센터
(정화예술대남산캠퍼스)",골목상권,"71,687"
47,중구,명동,2110041,남산케이블카,골목상권,"106,775"
48,중구,필동,2110042,남산골공원옆,골목상권,"178,162"
49,중구,장충동,2110043,충무초등학교,골목상권,"105,831"
50,중구,장충동,2110044,관성묘,골목상권,"31,144"
51,중구,장충동,2110045,동대문역사문화공원역 5번,골목상권,"45,163"
52,중구,다산동,2110046,버티고개,골목상권,"66,093"
53,중구,다산동,2110047,다산성곽길,골목상권,"86,059"
54,중구,장충동,2110048,장충동주민센터,골목상권,"135,097"
55,중구,다산동,2110049,장충단 고개,골목상권,"69,979"
56,중구,약수동,2110050,약수역 7번,골목상권,"40,820"
57,중구,신당동,2110051,한양공고앞 교차로,골목상권,"45,040"
58,중구,다산동,2110052,장충초등학교,골목상권,"70,893"
59,중구,신당동,2110053,청구역 1번,골목상권,"83,931"
60,중구,청구동,2110054,청구역 3번,골목상권,"70,451"
61,중구,황학동,2110055,황학동벼룩시장,골목상권,"29,109"
62,중구,신당5동,2110056,신당역 3번,골목상권,"130,116"
63,중구,황학동,2110057,황학코아루아파트,골목상권,"30,603"
64,용산구,원효로2동,2110058,성심여자고등학교,골목상권,"159,264"
65,용산구,이촌2동,2110059,새남터성지,골목상권,"53,917"
66,용산구,용문동,2110060,효창공원앞역 6번,골목상권,"94,053"
67,용산구,효창동,2110061,효창동주민센터,골목상권,"100,560"
68,용산구,한강로동,2110062,"한강로동땡땡거리
(은행나무길)",골목상권,"173,295"
69,용산구,용문동,2110063,효창공원앞역 5번,골목상권,"112,751"
70,용산구,효창동,2110064,효창공원앞역 2번,골목상권,"122,298"
71,용산구,원효로1동,2110065,남정초등학교,골목상권,"18,575"
72,용산구,청파동,2110066,서울역 15번,골목상권,"130,033"
73,용산구,청파동,2110067,배문고등학교,골목상권,"223,993"
74,용산구,원효로1동,2110068,남영역 1번,골목상권,"141,920"
76,용산구,한강로동,2110070,용산세무서,골목상권,"8,274"
77,용산구,이촌1동,2110071,한강미주맨션아파트,골목상권,"23,587"
78,용산구,원효로1동,2110072,열정도,골목상권,"18,291"
79,용산구,한강로동,2110073,삼각지역 3번,골목상권,"33,918"
80,용산구,남영동,2110074,서울역 12번,골목상권,"102,309"
81,용산구,남영동,2110075,숙대입구역 1번,골목상권,"129,560"
82,용산구,한강로동,2110076,삼각지역 14번,골목상권,"9,936"
83,용산구,후암동,2110077,삼광초등학교,골목상권,"46,821"
84,용산구,이촌1동,2110078,이촌동점보아파트,골목상권,"18,990"
85,용산구,후암동,2110079,후암동주민센터,골목상권,"288,474"
86,용산구,후암동,2110080,해방촌예술마을,골목상권,"133,322"
87,용산구,용산2가동,2110081,해방촌 남동측,골목상권,"114,649"
88,용산구,이태원1동,2110082,용산구청,골목상권,"64,659"
89,용산구,서빙고동,2110083,서빙고역 1번,골목상권,"60,258"
90,용산구,이태원2동,2110084,경리단길북측,골목상권,"222,119"
91,용산구,이태원2동,2110085,경리단길남측,골목상권,"181,139"
92,용산구,이태원1동,2110086,이태원역 북측,골목상권,"148,264"
93,용산구,이태원1동,2110087,이태원엔틱가구거리,골목상권,"70,810"
94,용산구,서빙고동,2110088,오산고등학교,골목상권,"114,423"
95,용산구,서빙고동,2110089,서빙고동주민센터,골목상권,"112,580"
96,용산구,보광동,2110090,한국폴리텍대학서울정수캠퍼스,골목상권,"98,353"
97,용산구,한남동,2110091,리움미술관,골목상권,"54,625"
98,용산구,보광동,2110092,NH농협은행 보광동지점,골목상권,"116,645"
99,용산구,한남동,2110093,우사단길,골목상권,"225,925"
100,용산구,보광동,2110094,오산중학교,골목상권,"22,496"
101,용산구,한남동,2110095,한강진역 3번,골목상권,"155,694"
102,용산구,한남동,2110096,한남힐사이드아파트,골목상권,"98,728"
103,용산구,한남동,2110097,한남초등학교,골목상권,"39,912"
104,용산구,한남동,2110098,서울독일학교,골목상권,"36,400"
105,용산구,한남동,2110099,유엔빌리지길,골목상권,"279,387"
106,성동구,옥수동,2110100,옥수동우편취급국,골목상권,"25,270"
107,성동구,옥수동,2110101,옥정중학교,골목상권,"24,335"
108,성동구,옥수동,2110102,옥수역 6번,골목상권,"42,377"
109,성동구,금호4가동,2110103,옥수터널,골목상권,"18,904"
110,성동구,금호2.3가동,2110104,신금호역 4번,골목상권,"86,222"
111,성동구,금호2.3가동,2110105,금동어린이공원,골목상권,"64,971"
112,성동구,금호1가동,2110106,금북초등학교,골목상권,"20,550"
113,성동구,금호4가동,2110107,금호사거리,골목상권,"22,053"
114,성동구,금호1가동,2110108,성동구립금호도서관,골목상권,"21,534"
115,성동구,금호1가동,2110109,금호삼성래미안아파트,골목상권,"35,076"
116,성동구,왕십리2동,2110110,상왕십리역 6번,골목상권,"53,091"
117,성동구,응봉동,2110111,대현산장미원,골목상권,"21,283"
118,성동구,행당1동,2110112,행당역 2번,골목상권,"66,720"
119,성동구,응봉동,2110113,응봉산,골목상권,"58,952"
120,성동구,왕십리도선동,2110114,왕십리파출소,골목상권,"30,911"
121,성동구,왕십리도선동,2110115,상왕십리역 3번,골목상권,"80,676"
122,성동구,마장동,2110116,청계천박물관,골목상권,"108,217"
123,성동구,마장동,2110117,성동구보건소,골목상권,"48,342"
124,성동구,행당1동,2110118,왕십리역 9번,골목상권,"66,939"
125,성동구,마장동,2110119,마장지하차도,골목상권,"25,760"
126,성동구,성수1가2동,2110120,서울숲카페거리,골목상권,"33,233"
127,성동구,사근동,2110121,한양대역 4번,골목상권,"29,162"
128,성동구,마장동,2110122,마장역 2번,골목상권,"83,661"
129,성동구,마장동,2110123,마장역 3번,골목상권,"163,093"
130,성동구,성수1가2동,2110124,뚝섬역교차로,골목상권,"82,099"
131,성동구,사근동,2110125,사근동살곶이상점가,골목상권,"135,699"
132,성동구,성수1가1동,2110126,서울숲역 1번,골목상권,"22,158"
133,성동구,성수1가1동,2110127,성수1가1동주민센터,골목상권,"38,577"
134,성동구,성수1가1동,2110128,성원중학교,골목상권,"250,948"
135,성동구,성수1가2동,2110129,성원어린이공원,골목상권,"70,354"
136,성동구,용답동,2110130,답십리역 6번,골목상권,"43,016"
137,성동구,성수2가1동,2110131,성수동카페거리,골목상권,"128,668"
138,성동구,성수2가3동,2110132,성수2가3동주민센터,골목상권,"74,737"
139,성동구,용답동,2110133,서울교통공사,골목상권,"82,768"
140,성동구,성수2가1동,2110134,성수119안전센터,골목상권,"212,321"
141,성동구,송정동,2110135,성동세무서,골목상권,"149,707"
142,성동구,성수2가1동,2110136,경수초등학교,골목상권,"262,494"
143,성동구,성수2가3동,2110137,성수초등학교,골목상권,"331,033"
144,성동구,송정동,2110138,송정체육공원,골목상권,"99,450"
145,광진구,자양4동,2110139,자양4동주민센터,골목상권,"156,275"
146,광진구,자양4동,2110140,건대입구역 6번,골목상권,"185,588"
147,광진구,화양동,2110141,건대입구역 1번,골목상권,"64,101"
148,광진구,화양동,2110142,화양사거리,골목상권,"113,866"
149,광진구,자양3동,2110143,뚝섬유원지역 1번,골목상권,"10,113"
150,광진구,화양동,2110144,어린이대공원역 4번,골목상권,"37,475"
151,광진구,군자동,2110145,장안초등학교,골목상권,"20,243"
152,광진구,자양3동,2110146,신자초등학교,골목상권,"104,121"
153,광진구,군자동,2110147,능동우편취급국,골목상권,"162,153"
154,광진구,화양동,2110148,어린이대공원역 3번,골목상권,"50,683"
155,광진구,군자동,2110149,세종대학교,골목상권,"41,016"
156,광진구,중곡1동,2110150,중곡1동 마을마당,골목상권,"160,182"
157,광진구,자양2동,2110151,자양한강도서관,골목상권,"102,588"
158,광진구,중곡1동,2110152,중곡어린이공원,골목상권,"47,200"
159,광진구,중곡1동,2110153,중곡1동주민센터,골목상권,"53,420"
160,광진구,자양1동,2110154,광진정말공원,골목상권,"104,848"
161,광진구,자양1동,2110155,광진구청,골목상권,"98,476"
162,광진구,능동,2110156,군자역 5번,골목상권,"164,979"
163,광진구,자양2동,2110157,자양동우체국,골목상권,"115,700"
164,광진구,중곡3동,2110158,중곡3동주민센터,골목상권,"166,463"
165,광진구,자양1동,2110159,구의역 4번,골목상권,"214,181"
166,광진구,구의1동,2110160,광진경찰서,골목상권,"49,630"
167,광진구,중곡3동,2110161,중곡역 3번,골목상권,"139,983"
168,광진구,중곡2동,2110162,군자역 4번,골목상권,"69,787"
169,광진구,자양2동,2110163,성자초등학교,골목상권,"64,048"
170,광진구,능동,2110164,아차산역 5번,골목상권,"86,072"
171,광진구,중곡2동,2110165,국립정신건강센터,골목상권,"103,258"
172,광진구,구의1동,2110166,구의1동주민센터,골목상권,"131,345"
173,광진구,중곡2동,2110167,용마초등학교,골목상권,"154,151"
174,광진구,중곡4동,2110168,대원고등학교,골목상권,"78,787"
175,광진구,자양2동,2110169,성동초등학교,골목상권,"70,276"
176,광진구,구의1동,2110170,동대부여고,골목상권,"116,645"
177,광진구,중곡4동,2110171,중곡4동주민센터,골목상권,"47,345"
178,광진구,구의2동,2110172,광진초등학교,골목상권,"97,966"
179,광진구,구의3동,2110173,구남초등학교,골목상권,"48,282"
180,광진구,중곡4동,2110174,아차산역 1번,골목상권,"103,408"
181,광진구,구의3동,2110175,푸른동산공원,골목상권,"103,222"
182,광진구,중곡4동,2110176,해오름공원,골목상권,"130,062"
183,광진구,구의2동,2110177,동의초등학교,골목상권,"38,884"
184,광진구,광장동,2110178,장로회신학대학교,골목상권,"62,460"
185,광진구,광장동,2110179,광나루역 1번,골목상권,"41,904"
186,광진구,광장동,2110180,광진정보도서관,골목상권,"88,206"
187,동대문구,용신동,2110181,신설동역 9번,골목상권,"140,583"
188,동대문구,용신동,2110182,용두희망어린이공원,골목상권,"60,061"
189,동대문구,용신동,2110183,한국의류시험연구원,골목상권,"41,952"
190,동대문구,용신동,2110184,용두사거리,골목상권,"30,532"
191,동대문구,용신동,2110185,용두초등학교,골목상권,"29,199"
192,동대문구,제기동,2110186,종암초등학교,골목상권,"19,902"
193,동대문구,용신동,2110187,제기동역 6번,골목상권,"158,559"
194,동대문구,용신동,2110188,용두동신동아아파트,골목상권,"150,730"
195,동대문구,제기동,2110189,제기동역 1번,골목상권,"95,724"
196,동대문구,제기동,2110190,고대앞사거리,골목상권,"102,196"
198,동대문구,용신동,2110192,동의보감타워,골목상권,"32,632"
199,동대문구,제기동,2110193,고려대역 4번,골목상권,"66,926"
200,동대문구,제기동,2110194,홍파초등학교,골목상권,"88,237"
201,동대문구,용신동,2110195,동대문구청,골목상권,"115,580"
202,동대문구,청량리동,2110196,홍릉근린공원,골목상권,"37,341"
203,동대문구,청량리동,2110197,세종대왕기념관교차로,골목상권,"25,787"
204,동대문구,제기동,2110198,동대문중앙새마을금고본점,골목상권,"16,333"
205,동대문구,제기동,2110199,홍릉시장,골목상권,"70,017"
206,동대문구,청량리동,2110200,동대문경찰서,골목상권,"35,791"
207,동대문구,전농1동,2110201,전농119안전센터,골목상권,"22,847"
208,동대문구,전농1동,2110202,"전농1동주민센터
(전농시장)",골목상권,"34,682"
209,동대문구,청량리동,2110203,떡전교사거리,골목상권,"45,861"
210,동대문구,답십리1동,2110204,간데메공원,골목상권,"120,357"
211,동대문구,회기동,2110205,경희대삼거리,골목상권,"89,794"
212,동대문구,전농1동,2110206,텃골근린공원,골목상권,"100,816"
213,동대문구,전농1동,2110207,시립대앞사거리,골목상권,"38,626"
214,동대문구,회기동,2110208,시조사삼거리,골목상권,"47,400"
215,동대문구,답십리1동,2110209,답십리 장령당공원,골목상권,"29,213"
216,동대문구,전농1동,2110210,서울시립대,골목상권,"111,350"
217,동대문구,전농1동,2110211,전곡마을마당공원,골목상권,"125,666"
218,동대문구,답십리1동,2110212,답십리초등학교,골목상권,"81,212"
219,동대문구,이문1동,2110213,청량초등학교,골목상권,"39,223"
220,동대문구,이문1동,2110214,경희대후문,골목상권,"94,681"
221,동대문구,휘경1동,2110215,회기역 1번,골목상권,"50,655"
222,동대문구,전농2동,2110216,전농중학교,골목상권,"62,723"
223,동대문구,답십리2동,2110217,자동차부품상가,골목상권,"60,831"
224,동대문구,답십리2동,2110218,답십리사거리,골목상권,"82,263"
225,동대문구,휘경2동,2110219,삼육보건대학교,골목상권,"180,075"
226,동대문구,이문1동,2110220,외대앞역 1번,골목상권,"98,626"
227,성북구,석관동,2110221,의릉,골목상권,"46,191"
228,동대문구,휘경1동,2110222,회기역 2번,골목상권,"8,405"
229,동대문구,장안1동,2110223,군자초등학교,골목상권,"42,713"
230,동대문구,휘경1동,2110224,외대앞역 2번,골목상권,"44,211"
231,동대문구,답십리2동,2110225,촬영소사거리,골목상권,"56,018"
232,동대문구,장안1동,2110226,장안1동주민센터,골목상권,"285,287"
233,동대문구,답십리2동,2110227,답십리공원,골목상권,"52,180"
234,동대문구,장안2동,2110228,장안근린공원,골목상권,"177,690"
235,동대문구,장안1동,2110229,장평중학교,골목상권,"209,240"
236,동대문구,장안2동,2110230,장안현대홈타운1차아파트,골목상권,"78,866"
238,동대문구,장안2동,2110232,동대부고,골목상권,"103,493"
239,중랑구,중화2동,2110233,중랑역 1번,골목상권,"126,177"
240,중랑구,중화2동,2110234,중랑역 4번,골목상권,"54,212"
241,중랑구,중화2동,2110235,세화어린이공원,골목상권,"32,975"
242,중랑구,묵2동,2110236,신묵초등학교,골목상권,"175,355"
243,중랑구,면목2동,2110237,메가박스 상봉,골목상권,"124,156"
244,중랑구,중화2동,2110238,배꽃어린이공원,골목상권,"28,707"
245,중랑구,중화2동,2110239,중랑역 2번,골목상권,"9,231"
246,중랑구,중화2동,2110240,태릉시장 특화거리,골목상권,"45,169"
247,중랑구,묵2동,2110241,먹골역 5번,골목상권,"99,241"
248,중랑구,면목5동,2110242,면목5동주민센터,골목상권,"105,398"
249,중랑구,면목2동,2110243,중랑노인종합복지관,골목상권,"135,473"
250,중랑구,중화2동,2110244,중화역 4번,골목상권,"63,372"
251,중랑구,중화2동,2110245,KB국민은행 중화동지점,골목상권,"58,323"
252,중랑구,상봉2동,2110246,월드순복음교회,골목상권,"87,095"
253,중랑구,묵1동,2110247,먹골역 1번,골목상권,"141,932"
254,중랑구,묵1동,2110248,먹골파출소,골목상권,"38,064"
255,중랑구,중화1동,2110249,중화역 1번,골목상권,"169,705"
256,중랑구,묵1동,2110250,화랑대역 7번,골목상권,"39,406"
257,중랑구,중화1동,2110251,장안중학교,골목상권,"92,366"
258,중랑구,면목5동,2110252,장안제일시장,골목상권,"135,771"
259,중랑구,면목4동,2110253,중곡초등학교,골목상권,"84,921"
260,중랑구,면목7동,2110254,오거리공원,골목상권,"164,355"
261,중랑구,상봉2동,2110255,상봉역 4번,골목상권,"185,312"
262,중랑구,면목2동,2110256,면목2동체육관,골목상권,"218,977"
263,중랑구,상봉1동,2110257,상봉역 7번,골목상권,"103,041"
264,중랑구,면목본동,2110258,면동초등학교,골목상권,"111,627"
265,중랑구,면목3.8동,2110259,사가정역 1번,골목상권,"86,506"
266,중랑구,면목본동,2110260,면목역 3번,골목상권,"65,630"
267,중랑구,면목7동,2110261,사가정역 4번,골목상권,"110,464"
268,중랑구,상봉2동,2110262,상봉역 3번,골목상권,"123,702"
269,중랑구,면목본동,2110263,면목역 1번,골목상권,"142,640"
270,중랑구,면목본동,2110264,면목역 2번,골목상권,"216,906"
271,중랑구,상봉1동,2110265,망우역 1번,골목상권,"158,421"
272,중랑구,면목3.8동,2110266,면목동우체국,골목상권,"114,030"
273,중랑구,상봉1동,2110267,망우역 2번,골목상권,"135,944"
274,중랑구,망우3동,2110268,망우3동주민센터,골목상권,"71,419"
275,중랑구,면목3.8동,2110269,용마문화복지센터,골목상권,"50,086"
276,중랑구,망우3동,2110270,혜원여고,골목상권,"36,165"
277,중랑구,신내1동,2110271,신내역 1번,골목상권,"112,895"
278,중랑구,신내1동,2110272,신내1동주민센터,골목상권,"148,203"
279,중랑구,신내1동,2110273,장스여성병원,골목상권,"71,038"
280,중랑구,면목3.8동,2110274,서일대학교,골목상권,"194,643"
281,중랑구,망우본동,2110275,하나은행 망우동지점,골목상권,"37,098"
282,중랑구,신내1동,2110276,신내IC북측,골목상권,"195,613"
283,중랑구,망우본동,2110277,러스크서울병원,골목상권,"149,410"
284,중랑구,망우본동,2110278,망우본동주민센터,골목상권,"144,897"
285,중랑구,망우본동,2110279,신내역 2번,골목상권,"486,193"
286,성북구,성북동,2110280,북정마을,골목상권,"157,799"
287,성북구,성북동,2110281,길상사,골목상권,"219,819"
288,성북구,정릉3동,2110282,국민대학교앞,골목상권,"281,458"
289,성북구,성북동,2110283,성북초등학교앞,골목상권,"39,177"
290,성북구,정릉4동,2110284,정릉북한산국립공원입구,골목상권,"104,618"
291,성북구,성북동,2110285,홍대부중,골목상권,"93,660"
292,성북구,성북동,2110286,한성대입구역 5번,골목상권,"100,024"
293,성북구,정릉3동,2110287,정릉3동주민센터,골목상권,"55,679"
294,성북구,성북동,2110288,동구여중,골목상권,"86,081"
295,성북구,정릉3동,2110289,북한산보국문역 2번,골목상권,"165,821"
296,성북구,정릉4동,2110290,북한산보국문역 1번,골목상권,"46,450"
297,성북구,삼선동,2110291,한성대입구역 3번,골목상권,"181,348"
298,성북구,정릉2동,2110292,정릉역 2번,골목상권,"51,065"
299,성북구,삼선동,2110293,삼선중학교,골목상권,"81,440"
300,성북구,정릉4동,2110294,서경대학교,골목상권,"198,140"
301,성북구,정릉2동,2110295,정릉우체국,골목상권,"152,225"
302,성북구,동선동,2110296,성신여대입구역 4번,골목상권,"63,365"
303,성북구,삼선동,2110297,경동고등학교,골목상권,"167,357"
304,성북구,정릉1동,2110298,솔숲어린이공원,골목상권,"36,307"
305,성북구,정릉1동,2110299,정릉역 1번,골목상권,"136,713"
306,성북구,안암동,2110300,삼선동주민센터,골목상권,"155,692"
307,성북구,동선동,2110301,성신여대입구역 7번,골목상권,"107,182"
308,성북구,보문동,2110302,보문역 8번,골목상권,"70,758"
309,성북구,동선동,2110303,성신여대입구역 1번,골목상권,"102,085"
310,성북구,안암동,2110304,보문역 4번,골목상권,"93,737"
311,성북구,안암동,2110305,보문역 5번,골목상권,"152,703"
312,성북구,길음1동,2110306,미아초등학교,골목상권,"32,961"
313,성북구,길음1동,2110307,길음역 7번,골목상권,"51,334"
314,성북구,길음2동,2110308,길음역 8번,골목상권,"90,238"
315,성북구,안암동,2110309,대광초등학교,골목상권,"65,411"
316,성북구,월곡1동,2110310,길음역 10번,골목상권,"22,981"
317,성북구,종암동,2110311,종암아이파크2차후문,골목상권,"52,023"
318,성북구,안암동,2110312,안암역 2번,골목상권,"73,135"
319,성북구,안암동,2110313,안암역 3번,골목상권,"89,815"
320,성북구,종암동,2110314,종암경찰서,골목상권,"85,748"
321,성북구,종암동,2110315,종암아이파크2차,골목상권,"90,905"
322,성북구,월곡1동,2110316,숭곡초등학교,골목상권,"179,851"
323,성북구,종암동,2110317,종암중학교,골목상권,"97,345"
324,성북구,월곡1동,2110318,KT월곡지사,골목상권,"73,068"
325,성북구,종암동,2110319,종암동주민센터,골목상권,"95,379"
326,성북구,종암동,2110320,KB국민은행 종암동지점,골목상권,"49,237"
327,성북구,월곡1동,2110321,동덕여대,골목상권,"43,554"
328,성북구,장위1동,2110322,장위1동주민센터,골목상권,"85,602"
329,성북구,월곡2동,2110323,상월곡역 1번,골목상권,"82,414"
330,성북구,월곡2동,2110324,월곡역 4번,골목상권,"109,909"
331,성북구,장위1동,2110325,장곡초등학교,골목상권,"107,362"
332,성북구,장위1동,2110326,장위동성당,골목상권,"45,431"
333,성북구,장위2동,2110327,상월곡역 2번,골목상권,"112,175"
334,성북구,월곡2동,2110328,상월곡역 3번,골목상권,"92,170"
335,성북구,장위2동,2110329,우리은행체육관,골목상권,"90,680"
336,성북구,장위2동,2110330,돌곶이역 1번,골목상권,"72,269"
337,성북구,석관동,2110331,돌곶이역 8번,골목상권,"103,135"
338,성북구,장위2동,2110332,돌곶이역 3번,골목상권,"34,258"
339,성북구,석관동,2110333,돌곶이역 5번,골목상권,"67,569"
340,성북구,석관동,2110334,석관중앙교회,골목상권,"89,301"
341,성북구,석관동,2110335,석계역 7번,골목상권,"153,874"
342,성북구,석관동,2110336,석관고등학교,골목상권,"61,393"
343,강북구,인수동,2110337,아카데미하우스,골목상권,"128,300"
344,강북구,인수동,2110338,인수초등학교,골목상권,"52,903"
345,강북구,우이동,2110339,국립4.19민주묘지,골목상권,"67,322"
346,강북구,인수동,2110340,인수중학교,골목상권,"50,899"
347,강북구,우이동,2110341,북한산우이역 2번,골목상권,"118,898"
348,강북구,인수동,2110342,국립재활원,골목상권,"59,018"
349,강북구,우이동,2110343,무너미어린이공원,골목상권,"105,885"
350,강북구,수유1동,2110344,화계중학교,골목상권,"38,542"
351,강북구,우이동,2110345,솔밭공원역 2번,골목상권,"113,159"
352,강북구,우이동,2110346,4.19민주묘지역 2번,골목상권,"62,551"
353,강북구,삼양동,2110347,구세군강북종합사회복지관,골목상권,"32,444"
354,강북구,인수동,2110348,강북문화예술회관,골목상권,"123,181"
355,강북구,수유1동,2110349,화계역 2번,골목상권,"27,421"
356,강북구,인수동,2110350,가오리역 2번,골목상권,"79,546"
357,강북구,인수동,2110351,수유북부시장옆,골목상권,"84,361"
358,강북구,수유1동,2110352,수유1동주민센터,골목상권,"139,628"
360,강북구,삼각산동,2110354,삼각산119안전센터,골목상권,"14,390"
361,강북구,삼양동,2110355,삼양사거리역 2번,골목상권,"100,757"
362,강북구,수유2동,2110356,덕수교,골목상권,"112,114"
363,강북구,수유2동,2110357,가오리역 1번,골목상권,"50,020"
364,강북구,수유3동,2110358,인수동 우편취급국,골목상권,"108,394"
365,강북구,수유3동,2110359,수유시장옆,골목상권,"128,967"
366,강북구,수유1동,2110360,수유초등학교,골목상권,"108,863"
367,강북구,송천동,2110361,삼양사거리역 1번,골목상권,"77,614"
368,강북구,수유2동,2110362,우이천 계성교,골목상권,"144,840"
369,강북구,송천동,2110363,송천동주민센터,골목상권,"24,995"
370,강북구,미아동,2110364,미아역 8번,골목상권,"126,553"
371,강북구,미아동,2110365,미아역 5번,골목상권,"115,605"
372,강북구,수유3동,2110366,광산사거리,골목상권,"62,785"
373,강북구,수유3동,2110367,강북구청,골목상권,"64,540"
374,강북구,송천동,2110368,송천초등학교,골목상권,"99,284"
375,강북구,미아동,2110369,성신여대운정그린캠퍼스,골목상권,"135,038"
376,강북구,송천동,2110370,도봉세무서,골목상권,"109,721"
377,강북구,송천동,2110371,삼양입구사거리,골목상권,"61,971"
378,강북구,수유3동,2110372,강북중학교,골목상권,"82,893"
379,강북구,번1동,2110373,수유역 2번,골목상권,"84,827"
380,강북구,송중동,2110374,송중초등학교,골목상권,"197,774"
381,강북구,번2동,2110375,서울북부고용노동지청,골목상권,"91,034"
382,강북구,번1동,2110376,수송초등학교,골목상권,"210,058"
383,강북구,송중동,2110377,미아사거리역 3번,골목상권,"34,771"
384,강북구,송중동,2110378,송중동주민센터,골목상권,"53,724"
385,강북구,번1동,2110379,KT&G 북부지사,골목상권,"30,022"
386,강북구,번2동,2110380,강북문화정보도서관,골목상권,"41,944"
387,강북구,번3동,2110381,번동주공2단지,골목상권,"46,731"
388,도봉구,쌍문1동,2110382,솔밭공원역 1번,골목상권,"40,857"
389,도봉구,쌍문1동,2110383,덕성여대시반거리,골목상권,"41,735"
390,도봉구,쌍문1동,2110384,문이교,골목상권,"91,809"
391,도봉구,쌍문1동,2110385,효문고등학교,골목상권,"88,993"
392,도봉구,방학3동,2110386,연산군묘,골목상권,"16,849"
393,도봉구,쌍문1동,2110387,쌍문초등학교,골목상권,"157,716"
394,도봉구,쌍문3동,2110388,도봉우체국,골목상권,"55,143"
395,도봉구,쌍문3동,2110389,한일병원,골목상권,"53,037"
396,도봉구,방학2동,2110390,방학초등학교,골목상권,"62,284"
397,도봉구,방학2동,2110391,샘말어린이공원,골목상권,"212,713"
398,도봉구,쌍문4동,2110392,발바닥공원,골목상권,"9,055"
399,도봉구,방학3동,2110393,국민은행방학지점,골목상권,"21,248"
400,도봉구,방학2동,2110394,방학중학교,골목상권,"153,258"
401,도봉구,방학1동,2110395,신한은행 방학동지점,골목상권,"52,718"
402,도봉구,창1동,2110396,"쌍문역1번
(쌍리단길)",골목상권,"52,436"
403,도봉구,도봉1동,2110397,도봉산입구,골목상권,"498,706"
404,도봉구,쌍문2동,2110398,쌍문2동우체국,골목상권,"103,149"
405,도봉구,창2동,2110399,창2동주민센터,골목상권,"170,275"
406,도봉구,쌍문2동,2110400,도봉구보건소,골목상권,"123,993"
407,도봉구,창5동,2110401,도봉구민회관,골목상권,"42,935"
408,도봉구,방학1동,2110402,도봉구 정병원,골목상권,"113,668"
409,도봉구,방학1동,2110403,방학1동주민센터,골목상권,"154,571"
410,도봉구,창3동,2110404,신창초등학교,골목상권,"301,750"
411,도봉구,방학1동,2110405,방학역 1번,골목상권,"188,053"
412,도봉구,도봉1동,2110406,도봉산역 1번,골목상권,"284,811"
413,도봉구,도봉1동,2110407,도봉역 2번,골목상권,"376,061"
414,도봉구,창5동,2110408,가인초등학교,골목상권,"58,220"
415,도봉구,창5동,2110409,창동역 2번,골목상권,"81,122"
416,도봉구,방학1동,2110410,방학역 2번,골목상권,"128,896"
417,도봉구,도봉2동,2110411,도봉역 3번,골목상권,"91,712"
418,도봉구,방학1동,2110412,창동중학교,골목상권,"19,528"
419,도봉구,도봉2동,2110413,누원고등학교,골목상권,"81,018"
420,노원구,월계1동,2110414,장석교회,골목상권,"67,640"
421,노원구,상계1동,2110415,수락산역 4번,골목상권,"195,659"
422,노원구,상계1동,2110416,노원초등학교,골목상권,"94,589"
423,노원구,월계2동,2110417,월계역 3번,골목상권,"36,086"
424,노원구,월계1동,2110418,광운대학교 남단,골목상권,"88,358"
425,노원구,상계1동,2110419,수락산디자인거리,골목상권,"134,138"
426,노원구,월계1동,2110420,광운대역 1번,골목상권,"55,995"
427,노원구,월계1동,2110421,석계역 1번,골목상권,"67,749"
428,노원구,상계10동,2110422,노원역 9번,골목상권,"37,150"
429,노원구,월계1동,2110423,석계역 2번,골목상권,"86,213"
430,노원구,상계2동,2110424,상계초등학교,골목상권,"75,589"
431,노원구,상계5동,2110425,계상초등학교,골목상권,"99,674"
432,노원구,상계2동,2110426,상계2동주민센터,골목상권,"131,594"
433,노원구,하계1동,2110427,노원 을지대학교병원,골목상권,"31,364"
434,노원구,상계5동,2110428,상계5동주민센터,골목상권,"217,224"
435,노원구,공릉1동,2110429,공릉동 국수거리,골목상권,"161,210"
436,노원구,중계4동,2110430,중계초등학교,골목상권,"19,516"
437,노원구,중계4동,2110431,상계역,골목상권,"50,650"
438,노원구,하계1동,2110432,대진고등학교,골목상권,"69,725"
439,노원구,공릉1동,2110433,공릉역 2번,골목상권,"95,338"
441,노원구,공릉2동,2110435,서울과학기술대,골목상권,"18,214"
442,노원구,중계4동,2110436,상계제일중학교,골목상권,"39,847"
443,노원구,상계3.4동,2110437,당고개역 2번,골목상권,"82,532"
444,노원구,공릉2동,2110438,경춘선숲길 우측,골목상권,"98,357"
445,노원구,상계3.4동,2110439,당고개역 5번,골목상권,"91,235"
446,노원구,상계3.4동,2110440,상계3동4동주민센터,골목상권,"78,422"
447,노원구,중계본동,2110441,영신여고,골목상권,"78,898"
448,노원구,공릉2동,2110442,화랑대철도공원,골목상권,"20,978"
449,은평구,수색동,2110443,수색역 1번,골목상권,"23,391"
450,은평구,증산동,2110444,수색성당,골목상권,"71,024"
451,은평구,신사1동,2110445,덕산중학교,골목상권,"39,132"
452,은평구,신사2동,2110446,내를건너서숲으로도서관,골목상권,"57,144"
453,은평구,구산동,2110447,구산초등학교,골목상권,"36,303"
454,은평구,신사2동,2110448,상신초등학교입구,골목상권,"61,538"
455,은평구,증산동,2110449,증산역 3번,골목상권,"171,207"
456,은평구,구산동,2110450,시립서북병원,골목상권,"224,059"
457,은평구,증산동,2110451,증산역 4번,골목상권,"197,231"
458,은평구,신사2동,2110452,새절역 3번,골목상권,"114,587"
459,은평구,신사1동,2110453,신사1동주민센터,골목상권,"204,910"
460,은평구,갈현2동,2110454,선정중학교,골목상권,"115,815"
461,은평구,역촌동,2110455,역촌노인복지관,골목상권,"159,009"
462,은평구,구산동,2110456,구산보건지소,골목상권,"168,233"
463,은평구,구산동,2110457,예일여고,골목상권,"98,511"
464,은평구,갈현2동,2110458,선일여고,골목상권,"132,962"
465,은평구,역촌동,2110459,응암역 2번,골목상권,"101,223"
466,은평구,갈현2동,2110460,구산역 4번,골목상권,"149,427"
467,은평구,응암3동,2110461,새절역 2번,골목상권,"43,481"
468,은평구,갈현1동,2110462,갈현건영아파트,골목상권,"161,049"
469,은평구,응암3동,2110463,응암3동주민센터,골목상권,"58,229"
470,은평구,갈현2동,2110464,연신내역 5번,골목상권,"98,191"
471,은평구,갈현1동,2110465,연신내역 7번,골목상권,"71,042"
472,은평구,역촌동,2110466,구산역 2번,골목상권,"100,329"
473,은평구,갈현1동,2110467,은평요양병원,골목상권,"54,608"
474,은평구,역촌동,2110468,응암역 3번,골목상권,"228,360"
475,은평구,응암3동,2110469,응암정보도서관,골목상권,"193,129"
476,은평구,응암1동,2110470,신진과학기술고등학교,골목상권,"40,127"
477,은평구,응암3동,2110471,응암동우체국,골목상권,"124,208"
478,은평구,대조동,2110472,연신내역 4번,골목상권,"136,573"
479,은평구,대조동,2110473,구산역 1번,골목상권,"195,270"
480,은평구,불광2동,2110474,세명컴퓨터고등학교,골목상권,"123,453"
481,은평구,응암1동,2110475,백련산해모로아파트,골목상권,"70,651"
482,은평구,대조동,2110476,역촌역 2번,골목상권,"30,355"
483,은평구,녹번동,2110477,은평세무서,골목상권,"98,500"
484,은평구,응암1동,2110478,응암1동주민센터,골목상권,"60,731"
485,은평구,불광2동,2110479,연신내역 2번,골목상권,"94,676"
486,은평구,불광2동,2110480,연신내역 3번,골목상권,"75,801"
487,은평구,대조동,2110481,불광역 7번,골목상권,"92,076"
488,은평구,불광2동,2110482,연신초등학교,골목상권,"43,669"
489,은평구,불광2동,2110483,연천초등학교,골목상권,"72,207"
490,은평구,녹번동,2110484,역촌역 3번,골목상권,"193,727"
491,은평구,불광2동,2110485,연신내우체국,골목상권,"103,586"
492,은평구,녹번동,2110486,은평구청,골목상권,"84,142"
493,은평구,불광1동,2110487,불광역 8번,골목상권,"20,501"
494,은평구,응암1동,2110488,우리은행응암동지점,골목상권,"86,365"
495,은평구,녹번동,2110489,불광역 3번,골목상권,"31,360"
496,은평구,녹번동,2110490,녹번동근린공원,골목상권,"124,619"
497,은평구,불광2동,2110491,불광중학교,골목상권,"102,983"
498,은평구,진관동,2110492,하나고등학교,골목상권,"168,481"
499,서대문구,북가좌1동,2110493,북가좌초등학교,골목상권,"44,563"
500,서대문구,북가좌1동,2110494,증산3교남측,골목상권,"33,334"
501,서대문구,북가좌2동,2110495,북가좌2동주민센터,골목상권,"166,279"
502,서대문구,북가좌2동,2110496,모래내우체국,골목상권,"72,475"
503,서대문구,남가좌1동,2110497,가좌역 3번,골목상권,"25,420"
504,서대문구,북가좌2동,2110498,증산역 1번,골목상권,"108,603"
505,서대문구,북가좌2동,2110499,연가초등학교,골목상권,"122,410"
506,서대문구,남가좌2동,2110500,남가좌동현대아파트,골목상권,"22,200"
507,서대문구,연희동,2110501,연희어린이공원,골목상권,"98,802"
508,서대문구,남가좌2동,2110502,남가좌파출소,골목상권,"124,268"
509,서대문구,남가좌2동,2110503,명지대학교교회,골목상권,"148,926"
510,서대문구,홍은2동,2110504,명지전문대,골목상권,"24,405"
511,서대문구,연희동,2110505,홍남교남측,골목상권,"28,551"
512,서대문구,연희동,2110506,연희임광아파트,골목상권,"30,613"
513,서대문구,홍은2동,2110507,명지대학교,골목상권,"177,870"
514,서대문구,연희동,2110508,서연중학교,골목상권,"210,218"
515,서대문구,신촌동,2110509,연희대우아파트앞,골목상권,"119,718"
516,서대문구,연희동,2110510,홍연시장,골목상권,"55,885"
517,서대문구,연희동,2110511,연희초등학교,골목상권,"180,399"
518,서대문구,연희동,2110512,연희지하차도,골목상권,"119,644"
519,서대문구,연희동,2110513,연희파출소,골목상권,"80,998"
520,서대문구,신촌동,2110514,서대문우체국,골목상권,"92,713"
521,서대문구,홍은2동,2110515,홍은중학교,골목상권,"90,989"
522,서대문구,홍은2동,2110516,정원여중,골목상권,"72,529"
523,서대문구,연희동,2110517,서대문소방서,골목상권,"67,039"
524,서대문구,연희동,2110518,서대문구청,골목상권,"44,105"
525,서대문구,홍제1동,2110519,서대문구보건소별관,골목상권,"152,650"
526,서대문구,신촌동,2110520,경의중앙 신촌역,골목상권,"59,484"
527,서대문구,홍제1동,2110521,홍제역 4번,골목상권,"31,727"
528,서대문구,홍제1동,2110522,홍제역 3번,골목상권,"39,351"
529,서대문구,홍제1동,2110523,홍제성원아파트,골목상권,"20,017"
530,서대문구,신촌동,2110524,연희세브란스병원,골목상권,"34,914"
531,서대문구,홍은1동,2110525,홍은종합사회복지관,골목상권,"31,574"
532,서대문구,신촌동,2110526,봉원사,골목상권,"138,710"
533,서대문구,홍제3동,2110527,홍제역 2번,골목상권,"97,152"
534,서대문구,홍제3동,2110528,서울여자간호대학교,골목상권,"55,076"
535,서대문구,홍제3동,2110529,홍제3동주민센터,골목상권,"116,193"
536,서대문구,북아현동,2110530,아현역 1번,골목상권,"17,648"
537,종로구,부암동,2110531,홍지문,골목상권,"118,047"
538,서대문구,북아현동,2110532,아현역 2번,골목상권,"62,523"
539,서대문구,북아현동,2110533,충정로역 7번,골목상권,"40,076"
540,서대문구,충현동,2110534,경기대학교,골목상권,"64,726"
541,서대문구,천연동,2110535,영천시장입구,골목상권,"44,790"
542,서대문구,천연동,2110536,돈의문센트레빌아파트입구,골목상권,"20,925"
543,서대문구,충현동,2110537,충정로현대아파트,골목상권,"53,555"
544,서대문구,충현동,2110538,충정로역 3번,골목상권,"15,708"
545,서대문구,충현동,2110539,미근동,골목상권,"50,659"
546,마포구,망원1동,2110540,망원나들목체육관,골목상권,"59,453"
547,마포구,망원2동,2110541,동교초등학교,골목상권,"96,917"
548,마포구,망원2동,2110542,마포구청역 7번,골목상권,"128,502"
549,마포구,성산2동,2110543,중암중학교,골목상권,"20,718"
550,마포구,망원1동,2110544,망리단길,골목상권,"311,653"
551,마포구,성산2동,2110545,마포구청역 1번,골목상권,"92,213"
552,마포구,합정동,2110546,양화대교북단,골목상권,"91,125"
553,마포구,망원2동,2110547,KB국민은행 망원동지점,골목상권,"69,078"
554,마포구,성산1동,2110548,마포구청역 4번,골목상권,"112,041"
555,마포구,성산2동,2110549,새터산,골목상권,"103,927"
556,마포구,합정동,2110550,합정역 8번,골목상권,"176,206"
557,마포구,성산1동,2110551,성서초등학교,골목상권,"103,475"
558,마포구,성산1동,2110552,성미산체육관,골목상권,"114,925"
559,마포구,성산2동,2110553,가좌역 2번,골목상권,"79,995"
560,마포구,서교동,2110554,망원역 1번,골목상권,"113,550"
561,마포구,서교동,2110555,홍익지구대,골목상권,"23,617"
563,마포구,서교동,2110557,홍대부속여중고앞,골목상권,"112,681"
564,마포구,성산1동,2110558,경성고등학교,골목상권,"323,252"
565,마포구,합정동,2110559,성산중학교,골목상권,"97,348"
566,마포구,연남동,2110560,마포FM,골목상권,"59,901"
567,마포구,서강동,2110561,상수역 4번,골목상권,"84,247"
568,마포구,연남동,2110562,"연트럴파크
(연남동주민센터)",골목상권,"102,751"
569,마포구,서강동,2110563,상수역 3번,골목상권,"39,170"
570,마포구,서교동,2110564,홍대입구역 3번,골목상권,"44,312"
571,마포구,서강동,2110565,홍익대,골목상권,"44,455"
572,마포구,서교동,2110566,경의선책거리,골목상권,"142,285"
573,마포구,서강동,2110567,광흥창역 6번,골목상권,"20,591"
574,마포구,서강동,2110568,광흥창역 1번,골목상권,"25,951"
575,마포구,서교동,2110569,홍대땡땡거리,골목상권,"85,820"
576,마포구,신수동,2110570,KB국민은행 서강지점,골목상권,"22,920"
577,마포구,신수동,2110571,신수동주민센터,골목상권,"77,233"
578,마포구,신수동,2110572,서강대역 1번,골목상권,"152,756"
579,마포구,대흥동,2110573,신촌역 6번,골목상권,"18,522"
580,마포구,대흥동,2110574,서강대학교,골목상권,"16,505"
581,마포구,대흥동,2110575,대흥동주민센터,골목상권,"67,721"
582,마포구,대흥동,2110576,대흥역 3번,골목상권,"73,537"
583,마포구,용강동,2110577,용강동주민센터,골목상권,"25,227"
584,마포구,염리동,2110578,대흥역 2번,골목상권,"112,780"
585,마포구,도화동,2110579,마포역 4번,골목상권,"53,319"
586,마포구,대흥동,2110580,양원초등학교,골목상권,"41,450"
587,마포구,염리동,2110581,염리초등학교,골목상권,"12,358"
588,마포구,염리동,2110582,이대역 5번,골목상권,"56,013"
589,마포구,아현동,2110583,공덕래미안3차아파트,골목상권,"11,340"
590,마포구,아현동,2110584,아현역 4번,골목상권,"13,119"
591,마포구,아현동,2110585,마포경찰서,골목상권,"27,685"
592,마포구,공덕동,2110586,서울서부지방법원,골목상권,"131,005"
593,마포구,공덕동,2110587,공덕동주민센터,골목상권,"70,370"
594,마포구,공덕동,2110588,한겨레신문사,골목상권,"73,035"
595,마포구,공덕동,2110589,애오개역 3번,골목상권,"32,691"
596,마포구,공덕동,2110590,만리재,골목상권,"60,843"
597,중구,중림동,2110591,충정로역 6번,골목상권,"52,696"
598,양천구,신월3동,2110592,서울금융고등학교,골목상권,"53,908"
599,양천구,신월3동,2110593,신월3동주민센터,골목상권,"182,289"
600,양천구,신월5동,2110594,신월중학교,골목상권,"98,161"
601,양천구,신월5동,2110595,메디힐병원,골목상권,"185,476"
603,양천구,신월1동,2110597,신월1동주민센터,골목상권,"181,975"
604,양천구,신월7동,2110598,신월문화체육센터,골목상권,"119,713"
605,양천구,신월1동,2110599,신월1파출소,골목상권,"104,298"
606,양천구,신월7동,2110600,신월7동주민센터,골목상권,"169,121"
607,양천구,신월1동,2110601,신월1동우편취급국,골목상권,"221,407"
608,양천구,신월7동,2110602,신월시영아파트중문,골목상권,"55,337"
609,양천구,신정3동,2110603,지향초등학교,골목상권,"65,252"
610,양천구,신월4동,2110604,신월4동주민센터,골목상권,"149,760"
611,양천구,신월6동,2110605,목동센트럴아이파크앞,골목상권,"39,543"
612,양천구,신월4동,2110606,신한은행 신월동지점,골목상권,"160,719"
613,양천구,신월2동,2110607,금빛새마을금고본점,골목상권,"43,075"
614,양천구,신월2동,2110608,신월2동주민센터,골목상권,"202,431"
615,양천구,신정3동,2110609,신정네거리역 2번,골목상권,"50,853"
616,양천구,신정3동,2110610,계남근린공원,골목상권,"68,238"
617,양천구,신정4동,2110611,신정역 1번,골목상권,"114,681"
618,양천구,신정4동,2110612,신정역 5번,골목상권,"168,746"
619,양천구,신정1동,2110613,신정네거리역 4번,골목상권,"24,863"
620,양천구,신정4동,2110614,목동로데오거리,골목상권,"77,408"
621,양천구,신정1동,2110615,신서초등학교,골목상권,"29,834"
622,양천구,신정4동,2110616,양목초등학교,골목상권,"15,520"
623,양천구,목3동,2110617,등촌역 4번,골목상권,"63,521"
624,양천구,목4동,2110618,강서고등학교,골목상권,"122,477"
625,양천구,목4동,2110619,목4동주민센터,골목상권,"39,434"
626,양천구,목4동,2110620,목동보건지소,골목상권,"181,057"
627,양천구,목1동,2110621,목동역 5번,골목상권,"35,492"
628,양천구,목2동,2110622,달마을공원,골목상권,"83,403"
629,양천구,신정7동,2110623,갈산공원,골목상권,"212,274"
630,양천구,목2동,2110624,목동문화체육센터,골목상권,"44,285"
631,양천구,신정2동,2110625,신정2동주민센터,골목상권,"100,501"
632,양천구,목2동,2110626,양화초등학교,골목상권,"128,149"
633,양천구,신정2동,2110627,신정롯데캐슬아파트,골목상권,"77,955"
634,양천구,목2동,2110628,신목동역,골목상권,"103,685"
635,강서구,공항동,2110629,송정역 4번,골목상권,"38,887"
636,강서구,방화2동,2110630,공항시장역 1번,골목상권,"186,949"
637,강서구,방화2동,2110631,방화초등학교,골목상권,"92,862"
638,강서구,방화1동,2110632,방화역 3번,골목상권,"71,692"
639,강서구,방화2동,2110633,개화산역 1번,골목상권,"23,317"
640,강서구,공항동,2110634,송정역 3번,골목상권,"241,759"
641,강서구,공항동,2110635,공항시장역 3번,골목상권,"105,815"
642,강서구,방화1동,2110636,방화역 2번,골목상권,"46,731"
643,강서구,공항동,2110637,송정역 2번,골목상권,"78,639"
644,강서구,방화1동,2110638,신방화역 2번,골목상권,"185,991"
645,강서구,방화1동,2110639,신방화역 8번,골목상권,"92,637"
646,강서구,방화3동,2110640,방화역 1번,골목상권,"82,586"
647,강서구,방화1동,2110641,공항고등학교,골목상권,"65,604"
648,강서구,방화3동,2110642,정곡초등학교,골목상권,"20,480"
649,강서구,공항동,2110643,강서구다솔마을,골목상권,"131,394"
650,강서구,발산1동,2110644,신광명마을,골목상권,"121,054"
651,강서구,발산1동,2110645,우장산역 4번,골목상권,"179,725"
652,강서구,화곡3동,2110646,푸른들청소년도서관,골목상권,"205,966"
653,강서구,화곡1동,2110647,화곡역 5번,골목상권,"206,384"
654,강서구,가양1동,2110648,양천향교역 7번,골목상권,"266,653"
655,강서구,우장산동,2110649,우장산역 1번,골목상권,"77,523"
656,강서구,우장산동,2110650,우장산힐스테이트,골목상권,"27,815"
657,강서구,화곡1동,2110651,화원중학교,골목상권,"144,497"
658,강서구,가양1동,2110652,양천향교역 2번,골목상권,"97,333"
659,강서구,우장산동,2110653,화곡역 2번,골목상권,"114,023"
660,강서구,화곡1동,2110654,까치산역 4번,골목상권,"276,576"
661,강서구,우장산동,2110655,발산역 5번,골목상권,"88,597"
662,강서구,화곡1동,2110656,까치산역 3번,골목상권,"204,854"
663,강서구,등촌3동,2110657,양천향교역 5번,골목상권,"118,846"
664,강서구,화곡본동,2110658,화곡초등학교,골목상권,"65,788"
665,강서구,화곡본동,2110659,화곡역 4번,골목상권,"400,098"
666,강서구,등촌3동,2110660,등촌3동주민센터,골목상권,"149,620"
667,강서구,화곡6동,2110661,강서새말어린이공원,골목상권,"39,061"
668,강서구,화곡8동,2110662,까치산역 1번,골목상권,"226,717"
669,강서구,화곡6동,2110663,우장산롯데캐슬아파트앞,골목상권,"41,062"
670,강서구,화곡6동,2110664,강서구청옆,골목상권,"23,023"
671,강서구,화곡2동,2110665,곰달래도서관,골목상권,"204,583"
672,강서구,화곡6동,2110666,KC대학교,골목상권,"51,963"
673,강서구,등촌3동,2110667,가양역 10번,골목상권,"30,104"
674,강서구,화곡2동,2110668,화곡2동주민센터,골목상권,"179,007"
675,강서구,화곡6동,2110669,화곡보람2차아파트,골목상권,"30,433"
676,강서구,화곡4동,2110670,신곡초등학교,골목상권,"157,189"
677,강서구,등촌1동,2110671,등촌1동주민센터,골목상권,"244,773"
678,강서구,등촌2동,2110672,백석중학교,골목상권,"70,856"
679,강서구,화곡4동,2110673,뜸부기어린이공원,골목상권,"144,584"
680,강서구,가양3동,2110674,강서구청가양동별관,골목상권,"17,014"
681,강서구,화곡4동,2110675,화곡4동주민센터,골목상권,"182,770"
682,강서구,등촌2동,2110676,등촌역 7번,골목상권,"77,154"
683,강서구,등촌1동,2110677,등촌역 1번,골목상권,"48,068"
684,강서구,염창동,2110678,염창무학아파트,골목상권,"24,448"
685,강서구,염창동,2110679,염창역 2번,골목상권,"68,427"
686,구로구,수궁동,2110680,"온수역 5번
(온수산업단지)",골목상권,"199,307"
687,구로구,수궁동,2110681,온수역 1번,골목상권,"104,444"
688,구로구,수궁동,2110682,온수역 8번,골목상권,"59,999"
689,구로구,수궁동,2110683,오류고등학교,골목상권,"57,408"
690,구로구,수궁동,2110684,서울공연예술고등학교,골목상권,"61,786"
691,구로구,오류2동,2110685,금강수목원아파트,골목상권,"53,366"
692,구로구,수궁동,2110686,수궁동주민센터,골목상권,"209,846"
693,구로구,오류2동,2110687,"천왕역 3번
(오류2동주민센터, 서울오류남초등학교)",골목상권,"40,178"
694,구로구,오류1동,2110688,오류지구대,골목상권,"85,889"
695,구로구,오류1동,2110689,오류동역 3번,골목상권,"108,313"
696,구로구,오류2동,2110690,오류2동버들시장,골목상권,"205,793"
697,구로구,개봉1동,2110691,개봉중학교,골목상권,"78,582"
698,구로구,개봉1동,2110692,큰굴다리,골목상권,"72,104"
699,구로구,오류1동,2110693,오류동역 4번,골목상권,"11,163"
700,구로구,고척2동,2110694,세곡초등학교,골목상권,"202,533"
701,구로구,고척2동,2110695,개봉1동주민센터,골목상권,"199,216"
702,구로구,개봉2동,2110696,오류동역 1번,골목상권,"90,666"
703,구로구,개봉3동,2110697,개봉3동주민센터,골목상권,"83,350"
704,구로구,개봉3동,2110698,"개웅초등학교
(개웅중학교)",골목상권,"135,065"
705,구로구,고척2동,2110699,덕의초등학교,골목상권,"67,641"
706,구로구,고척1동,2110700,고척초등학교,골목상권,"134,737"
707,구로구,고척2동,2110701,고척동성당,골목상권,"41,053"
708,구로구,개봉3동,2110702,개봉초등학교,골목상권,"88,703"
709,구로구,개봉1동,2110703,개봉역,골목상권,"152,954"
710,구로구,고척1동,2110704,고척중학교,골목상권,"14,883"
711,구로구,고척1동,2110705,고산초등학교,골목상권,"13,984"
712,구로구,고척1동,2110706,그라운드 고척,골목상권,"50,516"
713,구로구,신도림동,2110707,구로창업지원센터,골목상권,"187,079"
714,구로구,구로2동,2110708,화원어린이공원,골목상권,"47,247"
715,구로구,구로2동,2110709,구로119안전센터,골목상권,"90,991"
716,구로구,구로2동,2110710,남구로역 3번,골목상권,"225,272"
717,구로구,구로2동,2110711,구로초등학교,골목상권,"155,055"
718,구로구,구로4동,2110712,남구로역 5번,골목상권,"91,852"
719,구로구,구로5동,2110713,구로보건소,골목상권,"260,345"
720,구로구,구로4동,2110714,구로4동주민센터,골목상권,"144,640"
721,구로구,구로5동,2110715,구로구민회관,골목상권,"45,988"
722,구로구,구로2동,2110716,구로나눔길,골목상권,"45,525"
724,구로구,구로5동,2110718,한국SGI본부,골목상권,"105,503"
725,구로구,구로3동,2110719,영서중학교,골목상권,"13,533"
726,구로구,구로4동,2110720,대림역 2번,골목상권,"102,723"
727,구로구,가리봉동,2110721,가리봉파출소,골목상권,"73,007"
728,구로구,구로3동,2110722,G타워,골목상권,"95,929"
729,금천구,가산동,2110723,가산디지털단지역 1번 출입구,골목상권,"45,943"
730,금천구,가산동,2110724,금천구립가산도서관,골목상권,"71,234"
731,금천구,가산동,2110725,가산동주민센터,골목상권,"39,999"
732,금천구,독산1동,2110726,"금천철쭉어린이공원
(금하마을)",골목상권,"45,408"
733,금천구,독산1동,2110727,독산역 1번 출입구,골목상권,"104,252"
734,금천구,독산1동,2110728,두산초등학교,골목상권,"51,418"
735,금천구,가산동,2110729,가산동우체국,골목상권,"96,238"
736,금천구,독산1동,2110730,"서울축산농협 독산역지점
(독산파출소)",골목상권,"104,671"
737,금천구,시흥1동,2110731,금천구청역 1번 출입구,골목상권,"148,235"
738,금천구,독산1동,2110732,"가산초등학교
(세일중학교)",골목상권,"132,518"
739,금천구,시흥1동,2110733,금천어울림복지센터,골목상권,"36,780"
740,금천구,시흥1동,2110734,금천파출소,골목상권,"16,771"
741,금천구,독산2동,2110735,말미고개,골목상권,"174,132"
742,금천구,독산4동,2110736,독산119안전센터,골목상권,"122,640"
743,금천구,독산3동,2110737,금천세무서,골목상권,"88,724"
744,금천구,독산3동,2110738,문성초등학교,골목상권,"115,465"
745,금천구,시흥3동,2110739,시흥3동 우편취급국,골목상권,"85,667"
746,금천구,시흥1동,2110740,금천해태공원,골목상권,"153,417"
747,금천구,독산2동,2110741,독산2동주민센터,골목상권,"96,601"
748,금천구,시흥1동,2110742,"KT금천빌딩
(금천구시설관리공단)",골목상권,"36,806"
749,금천구,시흥1동,2110743,"시흥초등학교
(시흥1동우체국)",골목상권,"121,005"
750,금천구,독산4동,2110744,독산동성당,골목상권,"207,932"
751,금천구,독산2동,2110745,독산동정훈단지,골목상권,"79,361"
752,금천구,시흥1동,2110746,"금천금빛공원
(은행나무사거리서측)",골목상권,"57,300"
753,금천구,시흥3동,2110747,석수역 1번 출입구,골목상권,"75,670"
754,금천구,시흥5동,2110748,백산초등학교,골목상권,"70,692"
755,금천구,시흥3동,2110749,"금산초등학교
(금천고등학교)",골목상권,"155,185"
756,금천구,시흥4동,2110750,"시흥4동주민센터
(서울신흥초등학교)",골목상권,"128,207"
757,금천구,독산3동,2110751,난곡중학교,골목상권,"141,868"
758,금천구,시흥4동,2110752,한울중학교,골목상권,"172,691"
760,금천구,시흥5동,2110754,"삼성산자연공원
(서울금천초등학교)",골목상권,"128,325"
761,금천구,시흥2동,2110755,동일여자고등학교,골목상권,"59,232"
762,영등포구,양평1동,2110756,문래중학교,골목상권,"49,687"
763,영등포구,양평1동,2110757,양평역 2번,골목상권,"72,793"
764,영등포구,문래동,2110758,문래소공원,골목상권,"40,124"
765,영등포구,문래동,2110759,"문래예술촌
(문래창작촌)",골목상권,"305,647"
766,영등포구,양평2동,2110760,선유도역 6번,골목상권,"161,201"
767,영등포구,문래동,2110761,문래동남성맨션,골목상권,"29,230"
768,영등포구,양평2동,2110762,선유도역 1번,골목상권,"353,401"
769,영등포구,당산1동,2110763,영등포구청역 2번,골목상권,"33,840"
770,영등포구,당산1동,2110764,문래역 3번,골목상권,"17,683"
771,영등포구,문래동,2110765,문래동사거리,골목상권,"70,915"
772,영등포구,대림3동,2110766,대림역 5번,골목상권,"99,756"
773,영등포구,도림동,2110767,도림동주민센터,골목상권,"39,386"
774,영등포구,도림동,2110768,도림2동유수지내체육시설,골목상권,"54,646"
775,영등포구,대림2동,2110769,"대림차이나타운
(대림역 12번)",골목상권,"27,909"
776,영등포구,당산1동,2110770,영등포구청역 6번,골목상권,"47,040"
777,영등포구,대림2동,2110771,대림역 11번,골목상권,"24,186"
778,영등포구,대림3동,2110772,신우어린이공원,골목상권,"42,020"
779,영등포구,양평2동,2110773,당산역 13번,골목상권,"15,132"
780,영등포구,당산2동,2110774,당산반도유보라팰리스아파트,골목상권,"36,209"
781,영등포구,대림2동,2110775,대동초등학교,골목상권,"41,470"
782,영등포구,대림3동,2110776,도신초등학교,골목상권,"112,794"
783,영등포구,문래동,2110777,구로세무서,골목상권,"43,717"
784,영등포구,대림2동,2110778,구로디지털단지역 4번,골목상권,"206,750"
785,영등포구,대림1동,2110779,대림갑을명가아파트,골목상권,"13,231"
786,영등포구,신길5동,2110780,신길대성유니드아파트,골목상권,"84,326"
787,영등포구,대림1동,2110781,대림한신아파트,골목상권,"81,523"
788,영등포구,영등포동,2110782,영등포시장역 4번,골목상권,"29,980"
789,영등포구,영등포동,2110783,영등포시장역 1번,골목상권,"48,409"
790,영등포구,대림1동,2110784,신대림초등학교,골목상권,"37,333"
791,영등포구,도림동,2110785,영등포푸르지오아파트,골목상권,"114,741"
792,영등포구,당산2동,2110786,당산역 8번,골목상권,"53,768"
793,영등포구,신길3동,2110787,신길3동주민센터,골목상권,"93,074"
794,영등포구,영등포동,2110788,영등포시장역 3번,골목상권,"9,859"
795,영등포구,대림1동,2110789,대림성모병원,골목상권,"82,553"
796,영등포구,신길5동,2110790,대림1동주민센터,골목상권,"111,394"
797,영등포구,신길5동,2110791,신풍역 3번,골목상권,"21,107"
799,영등포구,대림1동,2110793,대림썬프라자,골목상권,"10,741"
800,영등포구,당산2동,2110794,영동초등학교,골목상권,"76,603"
801,영등포구,신길3동,2110795,도림초등학교,골목상권,"74,389"
802,영등포구,영등포동,2110796,한림대학교한강성심병원,골목상권,"23,022"
803,영등포구,신길6동,2110797,KT대방빌딩,골목상권,"14,106"
804,영등포구,신길6동,2110798,신풍역 2번,골목상권,"22,122"
805,영등포구,영등포본동,2110799,영등포본동주민센터,골목상권,"30,012"
806,영등포구,영등포동,2110800,영등포동성당,골목상권,"33,972"
807,영등포구,신길6동,2110801,"신풍역 6번
(신길6동공영주차장)",골목상권,"14,840"
808,영등포구,신길4동,2110802,신길동홍어거리,골목상권,"45,521"
809,영등포구,영등포본동,2110803,신길2동우편취급국,골목상권,"93,106"
810,영등포구,신길6동,2110804,신풍역 1번,골목상권,"81,622"
811,영등포구,신길4동,2110805,신길새마을금고신길4동지점,골목상권,"27,195"
812,영등포구,영등포동,2110806,서울시립영등포장애인복지관,골목상권,"12,846"
813,영등포구,영등포동,2110807,신길역 3번,골목상권,"43,026"
814,영등포구,영등포본동,2110808,신길역 1번,골목상권,"29,709"
815,영등포구,영등포본동,2110809,장훈고등학교,골목상권,"32,126"
816,영등포구,신길1동,2110810,영신초등학교,골목상권,"121,898"
817,영등포구,신길6동,2110811,보라매역 4번,골목상권,"44,625"
818,영등포구,신길6동,2110812,신길6동주민센터,골목상권,"59,754"
819,영등포구,신길7동,2110813,보라매역 6번,골목상권,"106,997"
820,영등포구,신길7동,2110814,서울지방병무청,골목상권,"135,267"
821,영등포구,신길1동,2110815,공군호텔,골목상권,"183,310"
822,영등포구,신길1동,2110816,대방역 6번,골목상권,"105,023"
823,영등포구,신길1동,2110817,대방역 4번,골목상권,"68,827"
824,동작구,신대방1동,2110818,신대방역 3번,골목상권,"42,450"
825,동작구,신대방1동,2110819,신대방역 4번,골목상권,"202,450"
826,동작구,대방동,2110820,성남고등학교,골목상권,"100,471"
827,동작구,신대방2동,2110821,보라매역 2번,골목상권,"127,007"
828,동작구,대방동,2110822,"신대방삼거리역 4번
(대림초등학교)",골목상권,"87,941"
829,동작구,신대방2동,2110823,신대방삼거리역 3번,골목상권,"90,114"
830,동작구,대방동,2110824,대방역 3번,골목상권,"47,640"
831,동작구,상도3동,2110825,신대방삼거리역 1번,골목상권,"184,841"
832,동작구,상도2동,2110826,장승배기역 4번,골목상권,"116,442"
833,동작구,상도4동,2110827,NH농협은행 상도동지점,골목상권,"65,828"
834,동작구,노량진2동,2110828,노량진역 6번,골목상권,"227,881"
835,동작구,노량진2동,2110829,장승배기역 5번,골목상권,"98,937"
836,동작구,상도4동,2110830,상도초등학교,골목상권,"101,928"
837,동작구,상도4동,2110831,상도4동주민센터,골목상권,"55,171"
838,동작구,노량진1동,2110832,노량진초등학교,골목상권,"94,804"
839,동작구,상도2동,2110833,상도역 2번,골목상권,"61,035"
840,동작구,노량진1동,2110834,동작구자원봉사센터,골목상권,"31,306"
841,동작구,상도1동,2110835,상도역 1번,골목상권,"34,831"
842,동작구,상도1동,2110836,상도역 5번,골목상권,"243,914"
843,동작구,상도1동,2110837,숭실대입구역 1번,골목상권,"155,499"
844,동작구,상도1동,2110838,상도1동주민센터앞,골목상권,"9,946"
845,동작구,상도1동,2110839,숭실대입구역 4번,골목상권,"70,113"
846,동작구,흑석동,2110840,중앙대학교,골목상권,"98,223"
847,동작구,흑석동,2110841,중대부중,골목상권,"69,534"
848,동작구,흑석동,2110842,흑리단길,골목상권,"27,876"
849,동작구,사당5동,2110843,사당5동주민센터,골목상권,"42,201"
850,동작구,흑석동,2110844,흑석2치안센터,골목상권,"23,288"
851,동작구,사당3동,2110845,사당종합체육관,골목상권,"38,046"
852,동작구,사당4동,2110846,남성역 1번,골목상권,"212,571"
853,동작구,사당1동,2110847,예술인마을,골목상권,"109,634"
854,동작구,사당1동,2110848,양지어린이공원,골목상권,"115,661"
855,동작구,사당3동,2110849,이수역 10번,골목상권,"121,568"
856,동작구,사당1동,2110850,사당역 10번,골목상권,"201,399"
857,동작구,사당2동,2110851,"경문고등학교
(동작동성당)",골목상권,"103,061"
858,동작구,사당1동,2110852,이수역 9번,골목상권,"43,633"
859,관악구,조원동,2110853,KT구로지사,골목상권,"73,179"
860,관악구,조원동,2110854,조원동주민센터,골목상권,"47,127"
861,관악구,조원동,2110855,신대방역 2번,골목상권,"165,838"
862,관악구,미성동,2110856,미성초등학교,골목상권,"128,854"
863,관악구,미성동,2110857,미성동주민센터,골목상권,"130,118"
864,관악구,신사동,2110858,신대방역 1번,골목상권,"23,622"
865,관악구,난향동,2110859,난향초등학교,골목상권,"77,622"
866,관악구,미성동,2110860,"호림박물관
(성보고등학교)",골목상권,"69,368"
867,관악구,신사동,2110861,관악구신사동주민센터,골목상권,"206,009"
868,관악구,난곡동,2110862,"난곡초등학교
(난곡동벽화마을)",골목상권,"58,697"
869,관악구,미성동,2110863,난우초등학교,골목상권,"113,882"
870,관악구,신사동,2110864,신림우방아파트,골목상권,"106,530"
871,관악구,난곡동,2110865,"남강고등학교
(남강중학교)",골목상권,"192,829"
872,관악구,난곡동,2110866,난우중학교,골목상권,"112,908"
873,관악구,신원동,2110867,"국제신학대학원대학교
(남서울중학교)",골목상권,"95,393"
874,관악구,신사동,2110868,남부초등학교,골목상권,"87,769"
875,관악구,신림동,2110869,신림역 5번,골목상권,"196,655"
876,관악구,삼성동,2110870,"신림주공2단지
(광신고등학교)",골목상권,"20,406"
877,관악구,신원동,2110871,신원동주민센터,골목상권,"50,026"
878,관악구,신원동,2110872,신림초등학교,골목상권,"50,079"
879,관악구,보라매동,2110873,당곡중학교,골목상권,"131,159"
880,관악구,삼성동,2110874,"원신초등학교
(구세군관악영문교회)",골목상권,"114,492"
881,관악구,보라매동,2110875,"보라매동주민센터
(당곡고등학교)",골목상권,"78,879"
882,관악구,서원동,2110876,"서원동주민센터
(신관중학교)",골목상권,"61,456"
883,관악구,신림동,2110877,신림역 8번,골목상권,"99,800"
884,관악구,삼성동,2110878,미림여고,골목상권,"43,370"
885,관악구,삼성동,2110879,신림현대아파트,골목상권,"66,504"
886,관악구,서원동,2110880,신림역 1번,골목상권,"40,472"
887,관악구,대학동,2110881,"구립대학경로당
(관악산샘말공원)",골목상권,"263,969"
888,관악구,서림동,2110882,신성초등학교,골목상권,"147,420"
889,관악구,보라매동,2110883,"은천초등학교
(은천교앞)",골목상권,"117,651"
890,관악구,은천동,2110884,"봉천역 4번
(봉천110안전센터)",골목상권,"45,534"
891,관악구,서림동,2110885,영락고등학교,골목상권,"143,913"
892,관악구,서림동,2110886,관악해태어린이공원,골목상권,"86,307"
893,관악구,대학동,2110887,"서울산업정보학교
(서울삼성초등학교)",골목상권,"61,892"
894,관악구,청룡동,2110888,청룡동주민센터,골목상권,"42,773"
895,관악구,은천동,2110889,봉천역 6번,골목상권,"41,851"
896,관악구,청룡동,2110890,"봉천역 1번
(관악초등학교)",골목상권,"55,301"
897,관악구,성현동,2110891,구암초등학교,골목상권,"39,558"
898,관악구,중앙동,2110892,관악구 중앙길,골목상권,"259,260"
899,관악구,청룡동,2110893,"관악소방서
(문영여고)",골목상권,"15,586"
900,관악구,성현동,2110894,"관악동부센트레빌아파트
(은천로35라길)",골목상권,"34,583"
901,관악구,낙성대동,2110895,샤로수길,골목상권,"299,527"
902,관악구,행운동,2110896,관악우성아파트,골목상권,"23,164"
903,관악구,행운동,2110897,서울대입구역 8번,골목상권,"121,485"
904,관악구,청림동,2110898,"청림동주민센터
(상도중학교)",골목상권,"60,235"
905,관악구,행운동,2110899,"낙성대역 5번
(관악중학교)",골목상권,"75,655"
906,관악구,인헌동,2110900,"낙성대역 1번
(관악구민 종합체육센터)",골목상권,"119,523"
907,관악구,인헌동,2110901,"인헌고등학교
(인헌중학교)",골목상권,"101,166"
909,서초구,방배본동,2110903,방배아이파크아파트,골목상권,"92,227"
910,서초구,방배2동,2110904,이수역 5번,골목상권,"44,058"
911,서초구,방배2동,2110905,"방배노인종합복지관
(이수중학교)",골목상권,"76,162"
912,서초구,방배4동,2110906,서문여고,골목상권,"37,845"
913,서초구,방배4동,2110907,방배초등학교,골목상권,"105,528"
914,서초구,반포본동,2110908,구반포역,골목상권,"34,106"
915,서초구,방배2동,2110909,"남태령역
(서울전자고등학교)",골목상권,"71,520"
916,서초구,방배4동,2110910,내방역 5번,골목상권,"60,063"
917,서초구,방배3동,2110911,방배배수지체육공원,골목상권,"317,411"
918,서초구,방배본동,2110912,방배동사이길,골목상권,"25,934"
919,서초구,방배3동,2110913,"방현초등학교
(방배119안전센터)",골목상권,"147,615"
920,서초구,방배4동,2110914,내방역 6번,골목상권,"16,385"
921,서초구,방배본동,2110915,서래초등학교,골목상권,"72,301"
922,서초구,방배1동,2110916,내방역 4번,골목상권,"103,048"
923,서초구,반포4동,2110917,서초소방서,골목상권,"48,191"
924,서초구,방배1동,2110918,방배역 3번,골목상권,"62,586"
925,서초구,방배4동,2110919,내방역 8번,골목상권,"94,357"
926,서초구,방배3동,2110920,"방배역 2번
(백석예술대학교)",골목상권,"15,620"
927,서초구,반포4동,2110921,서울프랑스학교,골목상권,"41,854"
928,서초구,방배1동,2110922,내방역 1번,골목상권,"63,544"
929,서초구,방배3동,2110923,방배역 1번,골목상권,"14,771"
930,서초구,반포4동,2110924,"반포4동주민센터
(몽마르뜨공원)",골목상권,"98,370"
931,서초구,서초3동,2110925,서초중학교,골목상권,"66,827"
932,서초구,서초3동,2110926,신중초등학교,골목상권,"102,460"
933,서초구,잠원동,2110927,잠원역,골목상권,"63,595"
934,서초구,서초3동,2110928,서초우방유쉘아파트,골목상권,"22,002"
935,서초구,서초1동,2110929,남부터미널역 1번,골목상권,"186,663"
936,서초구,서초1동,2110930,서초동성당,골목상권,"100,888"
937,서초구,양재1동,2110931,"삼성전자서울R&D
(서울우면초등학교)",골목상권,"50,020"
938,서초구,서초1동,2110932,서울시인재개발원,골목상권,"39,428"
939,서초구,서초1동,2110933,한국상담대학원대학교,골목상권,"25,255"
940,서초구,양재1동,2110934,우면주공아파트,골목상권,"92,430"
941,서초구,서초2동,2110935,한전아트센터,골목상권,"32,439"
942,서초구,양재2동,2110936,"더케이호텔
(양재리본타워2단지아파트)",골목상권,"42,446"
943,서초구,양재1동,2110937,"방아다리근린공원
(횃불트리니티신학대학원대학교)",골목상권,"40,228"
945,서초구,양재1동,2110939,"양재역 8번
(양재동우체국)",골목상권,"222,054"
946,서초구,양재2동,2110940,"양재근린공원
(양재2동주민센터)",골목상권,"35,713"
947,서초구,양재2동,2110941,언남고등학교,골목상권,"22,801"
948,서초구,양재2동,2110942,"염곡동 구룡사
(포이동성당)",골목상권,"255,238"
949,서초구,양재2동,2110943,"법제교육센터
(버들어린이공원)",골목상권,"55,022"
950,서초구,내곡동,2110944,"서울나래학교
(염곡어린이공원)",골목상권,"74,345"
951,서초구,내곡동,2110945,"본마을노인복지센터
(서초구립내곡도서관)",골목상권,"106,071"
952,서초구,양재2동,2110946,청계산원터골,골목상권,"45,972"
953,서초구,내곡동,2110947,"청계산입구역 2번
(내곡동주민센터)",골목상권,"91,143"
954,서초구,내곡동,2110948,헌인가구단지,골목상권,"114,878"
955,강남구,신사동,2110949,한남IC,골목상권,"60,836"
956,강남구,논현1동,2110950,논현역 7번,골목상권,"46,334"
957,강남구,신사동,2110951,신사은행나무공원,골목상권,"29,969"
958,강남구,논현1동,2110952,논현목련공원,골목상권,"21,641"
959,강남구,논현1동,2110953,학동근린공원,골목상권,"92,793"
960,강남구,역삼1동,2110954,국기원,골목상권,"39,486"
961,강남구,논현1동,2110955,논현초등학교,골목상권,"192,093"
962,강남구,역삼1동,2110956,언주역 8번,골목상권,"71,559"
963,강남구,논현2동,2110957,언북중학교,골목상권,"94,370"
964,강남구,역삼1동,2110958,역삼역 4번,골목상권,"74,983"
965,강남구,압구정동,2110959,신구중학교,골목상권,"35,789"
966,강남구,도곡1동,2110960,은광여고,골목상권,"22,588"
967,강남구,논현2동,2110961,언주역 3번,골목상권,"63,728"
968,강남구,압구정동,2110962,도산공원북측,골목상권,"15,311"
969,강남구,역삼1동,2110963,역삼월드메르디앙아파트,골목상권,"40,096"
970,강남구,도곡1동,2110964,싸리고개근린공원,골목상권,"21,811"
971,강남구,역삼1동,2110965,언주역 6번,골목상권,"65,256"
972,강남구,논현2동,2110966,논현2동주민센터,골목상권,"95,278"
973,강남구,역삼1동,2110967,역삼역 8번,골목상권,"68,465"
974,강남구,논현2동,2110968,강남구청역 2번,골목상권,"43,969"
975,강남구,역삼2동,2110969,베르사이유1아파트,골목상권,"54,968"
976,강남구,논현2동,2110970,학동초등학교,골목상권,"50,974"
977,강남구,역삼1동,2110971,선정릉역 4번,골목상권,"133,638"
978,강남구,역삼2동,2110972,강남세브란스병원미래의학연구센터,골목상권,"46,987"
979,강남구,청담동,2110973,강남구청역 4번,골목상권,"67,133"
980,강남구,삼성2동,2110974,언주중학교,골목상권,"37,522"
982,강남구,청담동,2110976,언북초등학교,골목상권,"55,742"
983,강남구,개포4동,2110977,논현로18길,골목상권,"17,232"
984,강남구,도곡2동,2110978,"도곡2동주민센터
(대치중학교)",골목상권,"19,930"
985,강남구,청담동,2110979,청담초등학교,골목상권,"62,048"
986,강남구,개포4동,2110980,개포지구대옆,골목상권,"85,246"
987,강남구,개포4동,2110981,국악고교사거리,골목상권,"68,138"
988,강남구,삼성2동,2110982,강남구보훈회관,골목상권,"19,763"
989,강남구,개포4동,2110983,국립국악고등학교,골목상권,"56,116"
990,강남구,개포4동,2110984,"포이초등학교
(개포목련어린이공원)",골목상권,"141,877"
991,강남구,청담동,2110985,청담근린공원,골목상권,"43,408"
992,강남구,삼성2동,2110986,삼성중앙역 7번,골목상권,"16,061"
993,강남구,청담동,2110987,영동대교남단,골목상권,"28,491"
994,강남구,삼성1동,2110988,청담역 3번,골목상권,"78,765"
995,강남구,대치4동,2110989,대치동아우편취급국,골목상권,"40,905"
996,강남구,청담동,2110990,청담역 12번,골목상권,"12,336"
997,강남구,삼성1동,2110991,삼성중앙역 5번,골목상권,"25,788"
998,강남구,대치4동,2110992,도곡초등학교,골목상권,"138,943"
999,강남구,개포1동,2110993,개포지하차도 북측,골목상권,"48,624"
1000,강남구,개포2동,2110994,개포고등학교,골목상권,"68,997"
1001,강남구,삼성1동,2110995,봉은사역 4번,골목상권,"124,786"
1002,강남구,대치2동,2110996,대치2동주민센터,골목상권,"114,828"
1003,강남구,일원1동,2110997,대청초등학교,골목상권,"236,426"
1004,강남구,세곡동,2110998,"은곡마을
(은곡마을공원)",골목상권,"132,320"
1005,강남구,세곡동,2110999,윗방죽마을공원,골목상권,"224,058"
1006,강남구,세곡동,2111000,"대왕초등학교
(세곡동사거리서남측)",골목상권,"47,002"
1007,강남구,세곡동,2111001,"아랫방죽마을공원
(율현초등학교)",골목상권,"181,736"
1008,강남구,세곡동,2111002,한국교통안전공단 강남자동차검사소,골목상권,"78,064"
1009,송파구,잠실본동,2111003,삼전역 4번,골목상권,"271,038"
1010,송파구,잠실본동,2111004,삼전역 1번,골목상권,"248,181"
1011,송파구,삼전동,2111005,삼전역 3번,골목상권,"189,922"
1012,송파구,삼전동,2111006,석촌고분역 1번,골목상권,"182,101"
1013,송파구,삼전동,2111007,석촌고분역 4번,골목상권,"163,334"
1014,송파구,석촌동,2111008,석촌고분역 3번,골목상권,"111,734"
1015,송파구,석촌동,2111009,송파책박물관,골목상권,"39,108"
1016,송파구,석촌동,2111010,석촌역 7번,골목상권,"190,729"
1017,송파구,잠실4동,2111011,잠실나루역,골목상권,"22,914"
1018,송파구,석촌동,2111012,석촌역 6번,골목상권,"119,906"
1020,송파구,방이2동,2111014,송파나루역 2번,골목상권,"76,306"
1021,송파구,송파1동,2111015,석촌역 3번,골목상권,"226,785"
1022,송파구,송파2동,2111016,송파역 2번,골목상권,"101,410"
1023,송파구,방이2동,2111017,송파나루역 3번,골목상권,"38,121"
1024,송파구,풍납1동,2111018,"풍납초등학교
(풍납백제문화공원)",골목상권,"24,146"
1025,송파구,방이2동,2111019,한성백제역 3번,골목상권,"182,756"
1026,송파구,방이1동,2111020,"방이동고분군
(방산고등학교)",골목상권,"28,956"
1027,송파구,방이1동,2111021,방이역 4번,골목상권,"298,447"
1028,송파구,가락본동,2111022,"석촌중학교
(방이육교)",골목상권,"71,306"
1029,송파구,문정1동,2111023,문정역 1번,골목상권,"61,933"
1030,송파구,가락본동,2111024,"경찰병원역 4번
(건너말공원)",골목상권,"35,089"
1031,송파구,가락2동,2111025,경찰병원역 3번,골목상권,"58,998"
1032,송파구,문정1동,2111026,문정역 2번,골목상권,"125,560"
1033,송파구,문정1동,2111027,문정초등학교,골목상권,"127,992"
1034,송파구,장지동,2111028,"문현중학교
(장지역 1번)",골목상권,"54,312"
1035,송파구,가락2동,2111029,오금역 4번,골목상권,"43,622"
1036,송파구,오금동,2111030,방이역 2번,골목상권,"50,690"
1037,송파구,장지동,2111031,"장지동주민센터
(한림연예예술고교)",골목상권,"82,633"
1038,송파구,오금동,2111032,방이역 1번,골목상권,"78,148"
1039,송파구,장지동,2111033,문정동성당,골목상권,"23,659"
1040,송파구,오금동,2111034,"오동나무공원
(송파레미니스1단지)",골목상권,"147,213"
1041,송파구,오금동,2111035,"오금공원
(오주중학교)",골목상권,"94,802"
1042,송파구,가락2동,2111036,투구봉어린이공원,골목상권,"31,601"
1043,송파구,오금동,2111037,"Sh수협은행 오금동금융센터
(아랫말어린이공원)",골목상권,"28,589"
1044,송파구,오금동,2111038,보인중학교,골목상권,"83,297"
1045,송파구,오금동,2111039,벌말어린이공원,골목상권,"64,958"
1046,송파구,오금동,2111040,거여초등학교,골목상권,"58,413"
1047,송파구,거여1동,2111041,거여역 8번,골목상권,"15,750"
1048,송파구,거여1동,2111042,"거여역 1번
(거여공원)",골목상권,"148,307"
1049,송파구,마천2동,2111043,마천공원,골목상권,"64,517"
1050,송파구,마천2동,2111044,남천초등학교,골목상권,"128,846"
1051,송파구,위례동,2111045,개미어린이공원,골목상권,"71,720"
1052,송파구,마천1동,2111046,"마천역
(마천초등학교)",골목상권,"209,544"
1054,강동구,천호2동,2111048,"천호역 1번
(천호문구완구거리)",골목상권,"77,956"
1055,강동구,천호2동,2111049,"천호지구대
(천호동자전거거리)",골목상권,"112,575"
1056,강동구,성내1동,2111050,"강동구청
(강동구청역 2번)",골목상권,"19,301"
1057,강동구,성내2동,2111051,천호역 6번,골목상권,"166,173"
1058,강동구,천호2동,2111052,"암사역 3번
(천호동자전거거리)",골목상권,"129,600"
1059,강동구,성내1동,2111053,"성내천어린이공원
(하니사랑길)",골목상권,"133,305"
1060,강동구,암사2동,2111054,"암사역 4번
(삼성광나루아파트)",골목상권,"15,375"
1061,강동구,암사2동,2111055,선사초등학교,골목상권,"11,247"
1062,강동구,천호3동,2111056,천호태영아파트,골목상권,"32,125"
1063,강동구,천호2동,2111057,"천호공원
(해공체육문화센터)",골목상권,"120,150"
1064,강동구,성내1동,2111058,성내중학교,골목상권,"39,882"
1065,강동구,성내2동,2111059,"강동역 4번
(강풀만화거리)",골목상권,"289,933"
1066,강동구,천호2동,2111060,"암사역 2번
(서울강동초등학교)",골목상권,"217,528"
1067,강동구,암사1동,2111061,암사역 1번,골목상권,"174,584"
1068,강동구,성내3동,2111062,"둔촌동역 3번
(성내3동주민센터)",골목상권,"105,305"
1069,강동구,천호3동,2111063,강동구립 천호도서관,골목상권,"139,781"
1070,강동구,성내3동,2111064,둔촌동역 4번,골목상권,"52,283"
1071,강동구,천호3동,2111065,천일초등학교,골목상권,"50,869"
1072,강동구,암사1동,2111066,"암사동성당
(효정하나플러스아파트)",골목상권,"101,610"
1073,강동구,성내3동,2111067,강동구립성내도서관,골목상권,"203,961"
1074,강동구,길동,2111068,강동성심병원,골목상권,"19,922"
1075,강동구,천호1동,2111069,천호1동주민센터,골목상권,"115,656"
1076,강동구,천호1동,2111070,천호초등학교,골목상권,"63,137"
1077,강동구,길동,2111071,천동초등학교,골목상권,"35,412"
1078,강동구,천호1동,2111072,"굽은다리역 1번
(십자성마을)",골목상권,"153,134"
1079,강동구,둔촌2동,2111073,"둔촌동역 1번
(한산중학교)",골목상권,"180,507"
1080,강동구,암사1동,2111074,명일역 1번,골목상권,"50,346"
1081,강동구,천호1동,2111075,굽은다리역 2번,골목상권,"87,141"
1082,강동구,둔촌2동,2111076,둔촌2동주민센터,골목상권,"57,682"
1083,강동구,길동,2111077,"길동주민센터
(강동도서관)",골목상권,"248,470"
1084,강동구,길동,2111078,굽은다리역 4번,골목상권,"203,089"
1085,강동구,둔촌2동,2111079,"둔촌고등학교
(둔촌중학교)",골목상권,"72,082"
1086,강동구,명일1동,2111080,굽은다리역 3번,골목상권,"82,797"
1087,강동구,둔촌2동,2111081,둔촌푸르지오아파트,골목상권,"14,627"
1088,강동구,둔촌2동,2111082,중앙보훈병원,골목상권,"24,223"
1089,강동구,길동,2111083,GS강동자이아파트,골목상권,"80,577"
1090,강동구,길동,2111084,길동신동아아파트,골목상권,"27,495"
1091,강동구,고덕1동,2111085,"묘곡초등학교
(고덕아이파크아파트)",골목상권,"149,012"
1092,강동구,명일2동,2111086,한영중고,골목상권,"76,116"
1093,강동구,고덕2동,2111087,"고덕중학교
(고덕2동주민센터)",골목상권,"63,969"
1094,강동구,고덕2동,2111088,고덕동성당,골목상권,"68,254"
1095,강동구,상일동,2111089,"상일여고
(상일초등학교)",골목상권,"135,920"
1096,강동구,강일동,2111090,강일동주민센터,골목상권,"29,596"
1097,종로구,교남동,2120001,서대문역,발달상권,"163,492"
1098,종로구,사직동,2120002,"서촌
(경복궁역)",발달상권,"185,214"
1099,종로구,사직동,2120003,광화문역,발달상권,"400,678"
1100,종로구,종로1.2.3.4가동,2120004,종로구청,발달상권,"125,167"
1101,종로구,삼청동,2120005,삼청동,발달상권,"233,540"
1102,종로구,종로1.2.3.4가동,2120006,종각역,발달상권,"264,676"
1103,종로구,가회동,2120007,"북촌
(안국역)",발달상권,"175,493"
1104,종로구,종로1.2.3.4가동,2120008,인사동,발달상권,"182,431"
1105,종로구,종로1.2.3.4가동,2120009,종로3가역,발달상권,"399,923"
1106,종로구,종로1.2.3.4가동,2120010,원남동사거리,발달상권,"101,678"
1107,종로구,종로1.2.3.4가동,2120011,종로4가,발달상권,"114,308"
1108,종로구,혜화동,2120012,"대학로
(혜화역)",발달상권,"263,518"
1109,종로구,이화동,2120013,이화사거리,발달상권,"144,496"
1110,종로구,종로5.6가동,2120014,종로5가역,발달상권,"132,659"
1111,종로구,종로5.6가동,2120015,종로6가,발달상권,"53,403"
1112,종로구,창신1동,2120016,동대문역,발달상권,"62,069"
1113,종로구,창신1동,2120017,"동묘앞역
(동묘)",발달상권,"58,028"
1114,중구,중림동,2120018,중림동,발달상권,"131,461"
1115,중구,소공동,2120019,경찰청앞교차로,발달상권,"92,374"
1116,중구,소공동,2120020,시청역_1번,발달상권,"82,758"
1117,중구,소공동,2120021,시청역_8번,발달상권,"136,502"
1118,중구,소공동,2120022,"북창동
(시청역_6번)",발달상권,"104,374"
1119,중구,명동,2120023,서울시청,발달상권,"87,485"
1120,중구,회현동,2120024,회현역,발달상권,"111,578"
1121,중구,소공동,2120025,"롯데백화점
(시청광장 지하쇼핑센터)",발달상권,"75,562"
1122,중구,명동,2120026,을지로입구역,발달상권,"191,323"
1123,중구,명동,2120027,"명동역
(명동재미로)",발달상권,"155,332"
1124,중구,명동,2120028,"명동
(명동거리)",발달상권,"241,172"
1125,중구,명동,2120029,을지로2가,발달상권,"58,033"
1126,중구,명동,2120030,"중부경찰서
(영화인의거리)",발달상권,"135,917"
1127,중구,을지로동,2120031,을지로3가역,발달상권,"252,378"
1128,중구,필동,2120032,충무로역,발달상권,"271,713"
1129,중구,을지로동,2120033,을지로4가역,발달상권,"87,164"
1130,중구,광희동,2120034,"중구청
(퇴계로4가)",발달상권,"91,905"
1131,중구,광희동,2120035,퇴계로5가,발달상권,"49,106"
1132,중구,장충동,2120036,"장충동족발거리
(남소영길)",발달상권,"86,970"
1133,중구,광희동,2120037,동대문역사문화공원역,발달상권,"361,572"
1134,중구,다산동,2120038,약수역,발달상권,"133,966"
1135,중구,신당동,2120039,신당역,발달상권,"194,775"
1136,용산구,원효로2동,2120040,"용산전자상가
(용산역)",발달상권,"393,110"
1137,용산구,한강로동,2120041,"신용산역
(용산역)",발달상권,"876,510"
1138,용산구,남영동,2120042,"숙대입구역
(남영역, 남영동)",발달상권,"87,326"
1139,중구,회현동,2120043,서울역,발달상권,"452,537"
1140,용산구,한강로동,2120044,삼각지역,발달상권,"124,036"
1141,용산구,남영동,2120045,남영동 먹자골목,발달상권,"68,640"
1142,용산구,이태원1동,2120046,"이태원
(이태원역)",발달상권,"269,031"
1143,용산구,한남동,2120047,한남오거리,발달상권,"156,612"
1144,성동구,금호4가동,2120048,금호역,발달상권,"61,558"
1145,성동구,행당1동,2120049,"왕십리역
(왕십리)",발달상권,"201,782"
1146,성동구,성수1가1동,2120050,서울숲역,발달상권,"55,888"
1147,성동구,성수1가2동,2120051,뚝섬역,발달상권,"216,184"
1148,성동구,성수2가3동,2120052,성수역,발달상권,"297,531"
1149,광진구,화양동,2120053,"건대입구역
(건대)",발달상권,"247,305"
1150,광진구,화양동,2120054,어린이대공원역,발달상권,"138,633"
1151,광진구,군자동,2120055,군자역,발달상권,"289,059"
1152,광진구,구의1동,2120056,구의역,발달상권,"181,263"
1153,광진구,능동,2120057,아차산역,발달상권,"202,364"
1154,광진구,구의1동,2120058,구의사거리,발달상권,"92,397"
1155,광진구,구의3동,2120059,구삼강변맛길,발달상권,"112,903"
1157,광진구,구의3동,2120061,올림픽대교북단,발달상권,"47,376"
1158,동대문구,용신동,2120062,신설동역,발달상권,"267,978"
1159,동대문구,전농1동,2120063,"청량리역
(청량리)",발달상권,"312,301"
1160,동대문구,회기동,2120064,"경희대학교
(경희대)",발달상권,"55,445"
1161,동대문구,휘경1동,2120065,회기역,발달상권,"127,832"
1162,동대문구,장안1동,2120066,"장한평역
(장한평)",발달상권,"447,067"
1163,동대문구,장안2동,2120067,장안동사거리,발달상권,"212,781"
1164,중랑구,면목3.8동,2120068,사가정역,발달상권,"35,408"
1165,중랑구,상봉2동,2120069,상봉역,발달상권,"225,255"
1166,성북구,삼선동,2120070,한성대입구역,발달상권,"78,587"
1167,성북구,삼선동,2120071,성북구청,발달상권,"50,505"
1168,성북구,동선동,2120072,성신여대,발달상권,"197,031"
1169,성북구,월곡1동,2120073,미아사거리,발달상권,"84,243"
1170,성북구,안암동,2120074,안암역,발달상권,"25,714"
1171,성북구,월곡2동,2120075,월곡역,발달상권,"83,759"
1172,강북구,수유3동,2120076,수유역,발달상권,"299,027"
1173,강북구,미아동,2120077,미아역,발달상권,"93,447"
1174,강북구,송중동,2120078,미아사거리역,발달상권,"93,373"
1175,도봉구,창4동,2120079,창동역,발달상권,"106,157"
1176,노원구,상계9동,2120080,마들역,발달상권,"35,710"
1177,노원구,상계2동,2120081,노원역,발달상권,"270,434"
1178,노원구,상계6.7동,2120082,상계백병원,발달상권,"49,156"
1179,노원구,중계2.3동,2120083,등나무근린공원,발달상권,"126,319"
1180,노원구,공릉1동,2120084,공릉역,발달상권,"78,749"
1181,노원구,중계본동,2120085,은행사거리,발달상권,"61,957"
1182,노원구,공릉1동,2120086,태릉입구역,발달상권,"71,133"
1183,은평구,신사1동,2120087,응암역,발달상권,"67,394"
1184,은평구,갈현2동,2120088,구산역,발달상권,"58,871"
1185,은평구,진관동,2120089,구파발역,발달상권,"173,438"
1186,은평구,불광2동,2120090,연신내역,발달상권,"127,552"
1187,은평구,응암1동,2120091,본서부병원,발달상권,"117,738"
1188,은평구,대조동,2120092,불광역,발달상권,"61,959"
1189,서대문구,연희동,2120093,연희동,발달상권,"111,460"
1190,서대문구,신촌동,2120094,"신촌역
(신촌역, 신촌로터리)",발달상권,"350,283"
1191,서대문구,홍제1동,2120095,홍제역,발달상권,"99,597"
1192,서대문구,신촌동,2120096,"이화여대
(이대역, 이대)",발달상권,"130,788"
1194,마포구,상암동,2120098,"DMC
(디지털미디어시티)",발달상권,"377,055"
1195,마포구,성산2동,2120099,"월드컵경기장역
(월드컵경기장)",발달상권,"227,587"
1196,마포구,서교동,2120100,망원역,발달상권,"76,208"
1197,마포구,합정동,2120101,합정역,발달상권,"252,265"
1198,마포구,서교동,2120102,"서교동
(홍대)",발달상권,"245,307"
1199,마포구,서교동,2120103,"홍대입구역
(홍대)",발달상권,"469,317"
1200,마포구,서교동,2120104,"연남동
(홍대)",발달상권,"438,903"
1201,마포구,서강동,2120105,"상수역
(홍대)",발달상권,"101,961"
1202,마포구,용강동,2120106,마포역,발달상권,"127,873"
1203,마포구,공덕동,2120107,"공덕역
(공덕오거리)",발달상권,"197,083"
1204,양천구,신정4동,2120108,신정네거리역,발달상권,"184,606"
1205,양천구,신정1동,2120109,서울남부지방법원,발달상권,"113,423"
1206,양천구,신정4동,2120110,목동역 8번출구,발달상권,"123,523"
1207,강서구,화곡4동,2120111,목동사거리,발달상권,"125,861"
1208,양천구,목3동,2120112,등촌역,발달상권,"184,289"
1209,양천구,목1동,2120113,오목교역,발달상권,"140,241"
1210,양천구,목5동,2120114,목동신시가지,발달상권,"434,996"
1211,강서구,방화2동,2120115,"김포공항역
(김포공항)",발달상권,"283,531"
1212,강서구,공항동,2120116,송정역,발달상권,"58,731"
1213,강서구,발산1동,2120117,강서농산물도매시장,발달상권,"250,370"
1214,강서구,가양1동,2120118,"마곡역
(마곡)",발달상권,"230,364"
1215,강서구,가양1동,2120119,"발산역
(마곡)",발달상권,"400,845"
1216,강서구,화곡1동,2120120,화곡역,발달상권,"135,345"
1217,강서구,화곡1동,2120121,까치산역,발달상권,"94,266"
1218,강서구,화곡6동,2120122,강서구청,발달상권,"221,001"
1219,구로구,오류1동,2120123,오류동역,발달상권,"168,920"
1220,구로구,개봉3동,2120124,개봉동 현대아파트,발달상권,"150,700"
1221,구로구,구로2동,2120125,구로역,발달상권,"636,713"
1222,구로구,가리봉동,2120126,디지털단지오거리,발달상권,"52,774"
1223,구로구,구로5동,2120127,구로구청,발달상권,"82,721"
1224,구로구,구로5동,2120128,신도림역,발달상권,"237,292"
1225,구로구,구로3동,2120129,구로디지털단지,발달상권,"421,093"
1226,구로구,구로3동,2120130,구로디지털단지역,발달상권,"159,119"
1227,금천구,가산동,2120131,가산디지털단지,발달상권,"1,750,506"
1229,금천구,시흥1동,2120133,"서울시흥동우체국
(홈플러스시흥점)",발달상권,"55,744"
1230,금천구,독산3동,2120134,구로전화국,발달상권,"168,809"
1231,영등포구,양평1동,2120135,양평역,발달상권,"36,158"
1232,영등포구,당산1동,2120136,영등포구청역,발달상권,"215,015"
1233,영등포구,문래동,2120137,문래역(문래로데오거리),발달상권,"41,742"
1234,영등포구,당산2동,2120138,"당산2동
(영등포우체국)",발달상권,"93,698"
1235,영등포구,대림3동,2120139,대림3동사거리,발달상권,"196,607"
1236,영등포구,문래동,2120140,문래동주민센터,발달상권,"94,611"
1237,영등포구,당산1동,2120141,영등포청과시장교차로,발달상권,"79,884"
1238,영등포구,대림3동,2120142,대림역,발달상권,"142,626"
1239,영등포구,당산2동,2120143,당산역,발달상권,"172,651"
1240,영등포구,영등포동,2120144,영중로,발달상권,"92,780"
1241,영등포구,영등포동,2120145,"영등포역
(영등포)",발달상권,"399,210"
1242,영등포구,영등포동,2120146,한강성심병원,발달상권,"137,305"
1243,동작구,대방동,2120147,보라매역,발달상권,"100,998"
1244,영등포구,여의동,2120148,국회의사당역(국회의사당),발달상권,"354,181"
1245,영등포구,여의동,2120149,여의도역(여의도),발달상권,"617,377"
1246,영등포구,여의동,2120150,63빌딩,발달상권,"36,693"
1247,동작구,신대방2동,2120151,보라매공원,발달상권,"122,810"
1248,동작구,대방동,2120152,신대방삼거리역,발달상권,"120,259"
1249,동작구,노량진1동,2120153,"노량진역
(노량진)",발달상권,"461,411"
1250,동작구,상도2동,2120154,장승배기역,발달상권,"74,069"
1251,동작구,사당5동,2120155,총신대학교,발달상권,"46,060"
1252,동작구,사당2동,2120156,"총신대입구역
(이수, 총신대)",발달상권,"245,837"
1253,관악구,신림동,2120157,"신림역
(신림)",발달상권,"231,569"
1254,관악구,대학동,2120158,"녹두거리
(대학동)",발달상권,"117,207"
1255,관악구,청룡동,2120159,서울대입구역,발달상권,"235,072"
1256,서초구,방배2동,2120160,"사당역
(사당)",발달상권,"273,231"
1257,서초구,방배본동,2120161,"방배동가구거리
(사당동가구거리)",발달상권,"52,286"
1258,서초구,방배본동,2120162,방배동카페골목,발달상권,"96,877"
1259,서초구,방배2동,2120163,"사당역 11번
(사당역먹자골목)",발달상권,"91,598"
1260,서초구,방배4동,2120164,내방역,발달상권,"210,818"
1261,서초구,반포4동,2120165,"서래마을카페거리
(서래마을)",발달상권,"108,772"
1263,서초구,반포4동,2120167,"고속터미널
(고속터미널역)",발달상권,"181,676"
1264,서초구,서초3동,2120168,서울고교교차로,발달상권,"64,474"
1265,서초구,서초3동,2120169,서초역,발달상권,"247,940"
1266,서초구,반포4동,2120170,삼호가든사거리,발달상권,"103,762"
1267,서초구,서초3동,2120171,서초3동사거리,발달상권,"235,586"
1268,서초구,서초3동,2120172,교대입구교차로,발달상권,"223,067"
1269,서초구,서초1동,2120173,교대역(법원.검찰청),발달상권,"397,243"
1270,서초구,잠원동,2120174,논현역 5번,발달상권,"72,756"
1271,서초구,서초1동,2120175,남부터미널역,발달상권,"249,969"
1272,서초구,반포1동,2120176,논현역 4번,발달상권,"123,183"
1273,서초구,반포1동,2120177,신논현역 1번,발달상권,"138,882"
1274,서초구,잠원동,2120178,신사역,발달상권,"346,165"
1275,서초구,서초2동,2120179,양재역,발달상권,"363,673"
1276,서초구,양재2동,2120180,양재화물트럭터미널앞,발달상권,"185,547"
1277,서초구,양재1동,2120181,교육개발원입구사거리,발달상권,"120,883"
1278,서초구,양재2동,2120182,"양재시민의숲역
(양재동꽃시장, aT센터)",발달상권,"299,009"
1279,서초구,양재1동,2120183,양재천카페거리,발달상권,"117,175"
1280,서초구,양재2동,2120184,"포이사거리
(삼호물산)",발달상권,"351,055"
1281,강남구,논현1동,2120185,논현역,발달상권,"323,082"
1282,강남구,신사동,2120186,가로수길,발달상권,"255,391"
1283,강남구,논현1동,2120187,신논현역,발달상권,"383,180"
1284,강남구,신사동,2120188,압구정역,발달상권,"252,963"
1285,서초구,서초2동,2120189,강남역,발달상권,"609,397"
1286,강남구,압구정동,2120190,강남을지병원,발달상권,"294,370"
1287,강남구,논현1동,2120191,학동역,발달상권,"363,113"
1288,강남구,역삼1동,2120192,뱅뱅사거리,발달상권,"323,834"
1289,강남구,압구정동,2120193,도산공원교차로,발달상권,"186,157"
1290,강남구,논현2동,2120194,"언주역
(차병원)",발달상권,"241,913"
1291,강남구,압구정동,2120195,성수대교남단,발달상권,"127,969"
1292,강남구,논현2동,2120196,서울세관,발달상권,"186,418"
1293,강남구,역삼1동,2120197,역삼역,발달상권,"562,461"
1294,강남구,역삼1동,2120198,구역삼세무서,발달상권,"291,603"
1295,강남구,역삼1동,2120199,경복아파트교차로,발달상권,"115,499"
1296,강남구,압구정동,2120200,학동사거리,발달상권,"266,750"
1297,강남구,역삼1동,2120201,도곡1동,발달상권,"171,413"
1298,강남구,압구정동,2120202,"압구정로데오역
(압구정로데오)",발달상권,"264,159"
1299,강남구,논현2동,2120203,강남구청역,발달상권,"173,220"
1301,강남구,도곡2동,2120205,매봉역,발달상권,"134,633"
1302,강남구,역삼2동,2120206,개나리아파트,발달상권,"148,313"
1303,강남구,삼성2동,2120207,선정릉역,발달상권,"329,181"
1304,강남구,청담동,2120208,"청담사거리
(청담동명품거리)",발달상권,"322,621"
1305,강남구,청담동,2120209,"강남구청
(청담역_8번, 강남세무서)",발달상권,"134,998"
1306,강남구,삼성2동,2120210,선릉역,발달상권,"360,088"
1307,강남구,대치4동,2120211,도성초등학교,발달상권,"72,840"
1308,강남구,대치4동,2120212,한티역,발달상권,"107,052"
1309,강남구,삼성2동,2120213,삼성중앙역,발달상권,"226,433"
1310,강남구,청담동,2120214,영동대교남단교차로,발달상권,"100,044"
1311,강남구,삼성2동,2120215,포스코사거리,발달상권,"315,388"
1312,강남구,청담동,2120216,"경기고교사거리
(경기고교앞사거리)",발달상권,"72,458"
1313,강남구,대치4동,2120217,대치사거리,발달상권,"156,717"
1314,강남구,삼성1동,2120218,코엑스,발달상권,"147,297"
1315,강남구,대치4동,2120219,은마아파트,발달상권,"149,422"
1316,강남구,대치1동,2120220,대치역,발달상권,"151,197"
1317,강남구,삼성1동,2120221,봉은사역,발달상권,"138,684"
1318,강남구,대치2동,2120222,삼성역,발달상권,"357,049"
1319,강남구,대치2동,2120223,휘문고교사거리,발달상권,"134,071"
1320,강남구,수서동,2120224,수서역,발달상권,"60,149"
1321,송파구,잠실본동,2120225,"잠실새내역
(신천)",발달상권,"235,707"
1322,송파구,삼전동,2120226,석촌고분역,발달상권,"138,672"
1323,송파구,잠실6동,2120227,잠실역,발달상권,"518,212"
1324,송파구,송파1동,2120228,"석촌역
(석촌호수)",발달상권,"228,761"
1325,송파구,방이2동,2120229,방이동먹자골목,발달상권,"148,662"
1326,송파구,석촌동,2120230,"송파사거리
(송파역)",발달상권,"94,102"
1327,송파구,가락1동,2120231,가락시장,발달상권,"599,952"
1328,송파구,방이2동,2120232,송파나루역,발달상권,"70,345"
1329,송파구,방이2동,2120233,몽촌토성역,발달상권,"108,437"
1330,송파구,가락본동,2120234,가락시장역,발달상권,"173,117"
1331,송파구,문정2동,2120235,문정역,발달상권,"348,070"
1332,송파구,문정2동,2120236,"장지역
(가든파이브)",발달상권,"217,376"
1333,송파구,가락본동,2120237,경찰병원역,발달상권,"195,518"
1334,송파구,방이1동,2120238,방이역,발달상권,"47,241"
1335,송파구,가락본동,2120239,오금역,발달상권,"159,259"
1336,송파구,가락2동,2120240,개롱역,발달상권,"108,309"
1338,강동구,성내1동,2120242,강동구청역,발달상권,"204,306"
1339,강동구,천호2동,2120243,천호역,발달상권,"213,031"
1340,강동구,암사2동,2120244,암사역,발달상권,"81,461"
1341,강동구,성내3동,2120245,둔촌역,발달상권,"162,502"
1342,강동구,길동,2120246,길동역,발달상권,"235,855"
1343,강동구,천호1동,2120247,굽은다리역,발달상권,"92,129"
1344,강동구,명일1동,2120248,명일역,발달상권,"140,845"
1345,강동구,명일2동,2120249,고덕역,발달상권,"95,208"
1346,종로구,청운효자동,2130001,통인시장,전통시장,"33,789"
1347,종로구,사직동,2130002,"세종마을음식문화거리
(금천교시장)",전통시장,"48,484"
1348,종로구,종로1.2.3.4가동,2130003,종각지하쇼핑센터,전통시장,"7,180"
1349,종로구,종로1.2.3.4가동,2130004,"낙원시장
(낙원지하시장(대일상가))",전통시장,"8,541"
1350,종로구,종로1.2.3.4가동,2130005,세운상가가동,전통시장,"16,382"
1351,종로구,종로1.2.3.4가동,2130006,종로4가지하쇼핑센터,전통시장,"2,269"
1352,종로구,종로1.2.3.4가동,2130007,"광장시장
(광장전통시장)",전통시장,"61,662"
1353,종로구,종로5.6가동,2130008,종오지하쇼핑센터,전통시장,"2,490"
1354,종로구,종로5.6가동,2130009,"마전교지하쇼핑센터
(구 한일상가)",전통시장,"4,345"
1355,종로구,종로5.6가동,2130010,종로신진시장,전통시장,"43,688"
1356,종로구,종로5.6가동,2130011,충신시장,전통시장,"18,676"
1357,종로구,종로5.6가동,2130012,"동대문종합시장
(동대문종합시장 신관, 
동대문종합시장D동상가)",전통시장,"39,184"
1358,종로구,창신1동,2130013,동대문상가A동,전통시장,"4,128"
1359,종로구,창신1동,2130014,동문시장,전통시장,"1,991"
1360,종로구,창신2동,2130015,창신골목시장,전통시장,"30,258"
1361,종로구,창신1동,2130016,동대문상가B동,전통시장,"4,292"
1362,종로구,창신1동,2130017,동대문상가C동,전통시장,"5,825"
1363,종로구,창신1동,2130018,"동대문문구완구거리
(동대문문구완구시장)",전통시장,"45,843"
1364,종로구,창신1동,2130019,동대문상가D동,전통시장,"4,617"
1365,종로구,숭인2동,2130020,"동묘시장
(동묘벼룩시장)",전통시장,"34,109"
1366,종로구,숭인2동,2130021,신설종합시장,전통시장,"9,843"
1367,중구,회현동,2130022,"숭례문수입상가
(남대문시장)",전통시장,"8,240"
1368,중구,회현동,2130023,"남대문로 지하상가
(남대문지하쇼핑센터)",전통시장,"3,228"
1369,중구,회현동,2130024,"남대문시장
(자유상가)",전통시장,"79,105"
1370,중구,회현동,2130025,"삼익패션타운
(남대문시장)",전통시장,"17,555"
1372,중구,소공동,2130027,"명동지하쇼핑센터
(소공동지하쇼핑센터)",전통시장,"2,438"
1373,중구,명동,2130028,"을지입구지하상가
(을지로지하보도쇼핑센터)",전통시장,"5,349"
1374,중구,명동,2130029,명동역지하도상가,전통시장,"3,231"
1375,중구,명동,2130030,"을지로지하보도쇼핑센터
(을지입구지하상가)",전통시장,"6,381"
1376,중구,을지로동,2130031,청계천공구상가,전통시장,"30,508"
1377,중구,광희동,2130032,인현시장,전통시장,"19,738"
1378,중구,을지로동,2130033,"대림상가
(청계상가)",전통시장,"11,205"
1379,중구,필동,2130034,필동 골목형상점가,전통시장,"2,309"
1380,중구,을지로동,2130035,"방산종합시장
(방산시장)",전통시장,"98,642"
1381,중구,광희동,2130036,"중부시장
(신중부시장)",전통시장,"88,666"
1382,중구,을지로동,2130037,"청계5가쇼핑센터
(청계5가지하쇼핑센터)",전통시장,"2,860"
1383,중구,광희동,2130038,"평화시장
(통일상가, 동화상가)",전통시장,"95,782"
1384,중구,광희동,2130039,청계6가 지하도상가,전통시장,"18,065"
1385,중구,신당동,2130040,남평화시장,전통시장,"2,406"
1386,중구,신당동,2130041,"신평화패션타운
(청계6가 지하도상가)",전통시장,"14,800"
1387,중구,약수동,2130042,약수시장,전통시장,"28,087"
1388,중구,신당동,2130043,제일평화시장,전통시장,"4,870"
1389,중구,신당동,2130044,"에리어식스
(벨포스트)",전통시장,"4,412"
1390,중구,신당동,2130045,광희패션몰,전통시장,"4,705"
1391,중구,신당동,2130046,"team204
(팀204)",전통시장,"4,073"
1392,중구,신당동,2130047,"테크노상가
(엘리시움)",전통시장,"10,474"
1393,중구,신당동,2130048,동평화시장,전통시장,"8,559"
1394,중구,신당동,2130049,신당 미래유산 먹거리 골목형상점가,전통시장,"10,133"
1395,중구,신당동,2130050,청평화시장,전통시장,"7,015"
1396,중구,동화동,2130051,동화동 골목형상점가,전통시장,"60,569"
1397,중구,황학동,2130052,"서울중앙시장
(신중앙시장)",전통시장,"70,441"
1398,중구,신당5동,2130053,백학시장,전통시장,"41,098"
1399,중구,황학동,2130054,황학동주방가구거리상점가,전통시장,"73,463"
1400,중구,황학동,2130055,"황학시장
(서울중앙시장, 신중앙시장)",전통시장,"38,745"
1401,용산구,용문동,2130056,용산용문시장,전통시장,"40,180"
1402,용산구,청파동,2130057,만리시장,전통시장,"6,416"
1404,용산구,후암동,2130059,후암시장,전통시장,"34,145"
1405,용산구,용산2가동,2130060,신흥시장,전통시장,"3,594"
1406,용산구,이태원1동,2130061,이태원시장,전통시장,"10,451"
1407,용산구,보광동,2130062,보광시장,전통시장,"3,239"
1408,성동구,금호2.3가동,2130063,신금호역 골목형상점가,전통시장,"14,989"
1409,성동구,금호2.3가동,2130064,금남시장,전통시장,"11,826"
1410,성동구,왕십리2동,2130065,무학봉상점가,전통시장,"69,301"
1411,성동구,행당1동,2130066,행당시장상점가,전통시장,"78,511"
1412,성동구,왕십리도선동,2130067,왕십리도선동상점가,전통시장,"89,247"
1413,성동구,마장동,2130068,마장축산물시장,전통시장,"228,991"
1414,성동구,사근동,2130069,"한양대앞상점가
(한양시장, 왕십리맛골목)",전통시장,"23,470"
1415,성동구,성수1가2동,2130070,뚝섬역상점가,전통시장,"57,432"
1416,성동구,성수2가3동,2130071,성수역 골목형상점가,전통시장,"10,968"
1417,성동구,용답동,2130072,성동용답상가시장,전통시장,"118,283"
1418,성동구,성수2가1동,2130073,뚝도시장,전통시장,"21,673"
1419,광진구,자양4동,2130074,영동교골목시장,전통시장,"15,139"
1420,광진구,자양4동,2130075,노룬산시장(노룬산골목시장),전통시장,"13,375"
1421,광진구,자양3동,2130076,능동로골목시장,전통시장,"20,704"
1422,광진구,자양4동,2130077,조양시장,전통시장,"5,395"
1423,광진구,화양동,2130078,화양제일골목시장,전통시장,"26,771"
1424,광진구,화양동,2130079,한아름시장,전통시장,"5,845"
1425,광진구,자양2동,2130080,"자양종합시장
(기능상실)",전통시장,"6,315"
1426,광진구,자양1동,2130081,"자양골목전통시장
(자양골목시장)",전통시장,"43,650"
1427,광진구,중곡3동,2130082,면곡골목시장,전통시장,"8,090"
1428,광진구,중곡1동,2130083,"중곡제일시장
(중곡제일골목시장, 광성시장)",전통시장,"41,520"
1429,광진구,중곡4동,2130084,신성시장(신성골목시장),전통시장,"16,159"
1430,동대문구,용신동,2130085,용두시장,전통시장,"5,447"
1431,동대문구,제기동,2130086,서울약령시장,전통시장,"163,820"
1432,동대문구,제기동,2130087,"경동광성상가
(경동시장)",전통시장,"20,893"
1433,동대문구,제기동,2130088,경동시장,전통시장,"22,121"
1434,동대문구,용신동,2130089,청량리수산시장,전통시장,"30,266"
1435,동대문구,제기동,2130090,청량리종합시장,전통시장,"24,370"
1436,동대문구,제기동,2130091,청량종합도매시장,전통시장,"46,352"
1437,동대문구,제기동,2130092,청량리농수산물시장,전통시장,"32,228"
1438,동대문구,제기동,2130093,동서시장,전통시장,"4,348"
1439,동대문구,제기동,2130094,청량리청과물시장,전통시장,"28,682"
1440,동대문구,제기동,2130095,청량리전통시장,전통시장,"30,621"
1442,동대문구,답십리1동,2130097,답십리 건축자재시장,전통시장,"53,829"
1443,동대문구,회기동,2130098,회기시장,전통시장,"32,875"
1444,동대문구,전농1동,2130099,전농로터리시장,전통시장,"21,561"
1445,동대문구,답십리2동,2130100,답십리시장,전통시장,"22,747"
1446,동대문구,답십리1동,2130101,답십리현대시장,전통시장,"21,139"
1447,동대문구,이문2동,2130102,이문제일시장,전통시장,"7,394"
1448,동대문구,휘경1동,2130103,이경시장,전통시장,"11,705"
1449,동대문구,장안2동,2130104,전곡시장,전통시장,"26,581"
1450,중랑구,중화2동,2130105,"장미제일시장
(중화동제일시장)",전통시장,"29,442"
1451,중랑구,면목2동,2130106,중랑동부시장,전통시장,"50,304"
1452,중랑구,상봉2동,2130107,"중랑동부시장
(중랑교종합상가)",전통시장,"7,942"
1453,중랑구,중화2동,2130108,"태능엔터피아
(태릉시장)",전통시장,"4,618"
1454,중랑구,묵1동,2130109,묵1동도깨비시장,전통시장,"24,645"
1455,중랑구,면목7동,2130110,"면목골목시장
(면목시장)",전통시장,"60,165"
1456,중랑구,면목본동,2130111,"동원전통종합시장
(동원시장, 동원전통시장 상점가)",전통시장,"90,550"
1457,중랑구,면목3.8동,2130112,사가정시장,전통시장,"59,025"
1458,중랑구,신내2동,2130113,신아타운,전통시장,"6,619"
1459,중랑구,망우3동,2130114,유영시장,전통시장,"5,714"
1460,중랑구,망우본동,2130115,우림골목시장,전통시장,"76,504"
1461,중랑구,신내1동,2130116,동성타워프라자,전통시장,"3,968"
1462,성북구,정릉3동,2130117,정릉시장,전통시장,"50,608"
1463,성북구,정릉4동,2130118,정릉골 골목형상점가,전통시장,"26,990"
1464,성북구,정릉2동,2130119,정릉아리랑시장,전통시장,"32,679"
1465,성북구,삼선동,2130120,돈암시장(돈암제일시장),전통시장,"20,182"
1466,성북구,길음1동,2130121,길음시장,전통시장,"12,982"
1467,성북구,월곡1동,2130122,밤나무골시장,전통시장,"6,387"
1468,성북구,장위1동,2130123,꿈의숲 장곡 골목형상점가,전통시장,"12,698"
1469,성북구,장위3동,2130124,번동시장,전통시장,"7,386"
1470,성북구,장위2동,2130125,장위전통시장,전통시장,"58,590"
1471,성북구,석관동,2130126,새석관시장,전통시장,"5,339"
1472,성북구,석관동,2130127,석관시장,전통시장,"7,778"
1473,성북구,석관동,2130128,"돌곶이시장
(석관황금시장)",전통시장,"48,103"
1474,강북구,우이동,2130129,장미원골목시장,전통시장,"42,824"
1475,강북구,인수동,2130130,수유북부골목시장,전통시장,"4,700"
1476,강북구,삼양동,2130131,동북프라자,전통시장,"9,907"
1477,강북구,삼양동,2130132,"삼양골목시장
(삼양시장)",전통시장,"39,904"
1479,강북구,삼각산동,2130134,"솔샘시장
(미아6,7동골목시장)",전통시장,"18,966"
1480,강북구,수유3동,2130135,"수유중앙골목시장
(수유중앙시장)",전통시장,"30,738"
1481,강북구,수유1동,2130136,수유재래시장,전통시장,"8,942"
1482,강북구,수유1동,2130137,"수유전통시장
(수유시장, 수유골목시장)",전통시장,"35,742"
1483,강북구,수유1동,2130138,수유프라자,전통시장,"2,549"
1484,강북구,수유3동,2130139,"강북종합전통시장
(강북종합골목시장)",전통시장,"73,756"
1485,강북구,송천동,2130140,숭인시장,전통시장,"36,236"
1486,강북구,번1동,2130141,강북북부골목시장,전통시장,"32,769"
1487,강북구,번1동,2130142,강북북부시장,전통시장,"4,149"
1488,강북구,송중동,2130143,방천골목시장,전통시장,"20,431"
1489,도봉구,쌍문1동,2130144,백운시장,전통시장,"24,215"
1490,도봉구,쌍문3동,2130145,쌍문역둘리상점가,전통시장,"32,771"
1491,도봉구,쌍문3동,2130146,"쌍문시장
(쌍문역골목시장)",전통시장,"109,246"
1492,도봉구,창1동,2130147,쌍문역동측상점가,전통시장,"33,501"
1493,도봉구,방학2동,2130148,방학동도깨비시장,전통시장,"47,637"
1494,도봉구,창2동,2130149,창동신창시장,전통시장,"53,372"
1495,도봉구,창3동,2130150,창동골목시장,전통시장,"39,974"
1496,도봉구,도봉1동,2130151,신도봉시장,전통시장,"8,385"
1497,도봉구,도봉2동,2130152,오!도봉거리 상점가,전통시장,"29,194"
1498,도봉구,창4동,2130153,창동역상점가,전통시장,"31,713"
1499,노원구,상계6.7동,2130154,상계주공1단지(가)상가,전통시장,"7,399"
1500,노원구,중계2.3동,2130155,"시영B상가
(중계 그린아파트 B 상가)",전통시장,"13,727"
1501,노원구,중계2.3동,2130156,"시영2단지 무지개종합상가
(중계 무지개2단지아파트상가)",전통시장,"10,445"
1502,노원구,상계2동,2130157,상계중앙시장,전통시장,"56,314"
1503,노원구,상계5동,2130158,상계역전종합상가,전통시장,"10,503"
1504,노원구,공릉1동,2130159,공릉동 도깨비시장,전통시장,"58,021"
1505,은평구,수색동,2130160,수일시장,전통시장,"13,080"
1506,은평구,증산동,2130161,증산종합시장,전통시장,"8,018"
1507,은평구,증산동,2130162,증산골목시장,전통시장,"8,158"
1508,은평구,응암3동,2130163,응암오거리상점가,전통시장,"56,977"
1509,은평구,갈현2동,2130164,역촌중앙시장,전통시장,"4,170"
1510,은평구,응암3동,2130165,"대림골목시장
(대림시장, 양지시장)",전통시장,"25,057"
1511,은평구,응암2동,2130166,"응암시장
(신응암시장)",전통시장,"8,137"
1512,은평구,갈현1동,2130167,연신내상점가,전통시장,"99,560"
1513,은평구,불광2동,2130168,연서시장,전통시장,"25,169"
1514,은평구,대조동,2130169,대조시장,전통시장,"53,501"
1515,은평구,대조동,2130170,제일시장,전통시장,"20,279"
1516,은평구,불광1동,2130171,불광먹자골목 골목형상점가,전통시장,"45,451"
1517,서대문구,남가좌1동,2130172,"모래내시장
(서중시장)",전통시장,"30,890"
1518,서대문구,남가좌2동,2130173,백련시장,전통시장,"2,219"
1519,서대문구,연희동,2130174,연희사러가,전통시장,"4,636"
1520,서대문구,신촌동,2130175,"신촌 상인회
(신촌상점가)",전통시장,"6,225"
1521,서대문구,홍은1동,2130176,유진상가,전통시장,"18,548"
1522,서대문구,홍제3동,2130177,인왕시장(홍제골목형상점가),전통시장,"23,050"
1523,서대문구,신촌동,2130178,이대 앞 스타트업 상점가,전통시장,"12,039"
1524,서대문구,신촌동,2130179,"이화여대 3,5,7길 상점가",전통시장,"56,668"
1525,서대문구,홍은1동,2130180,포방터시장,전통시장,"26,248"
1526,서대문구,북아현동,2130181,아현가구거리상점가,전통시장,"50,146"
1527,서대문구,천연동,2130182,영천시장,전통시장,"30,476"
1528,마포구,상암동,2130183,상암동상점가,전통시장,"128,791"
1529,마포구,성산2동,2130184,마포농수산물시장,전통시장,"275,758"
1530,마포구,망원2동,2130185,망원월드컵시장,전통시장,"30,224"
1531,마포구,망원1동,2130186,망원시장,전통시장,"44,909"
1532,마포구,서교동,2130187,영진시장,전통시장,"6,524"
1533,마포구,합정동,2130188,합정시장,전통시장,"1,461"
1534,마포구,서교동,2130189,서교시장,전통시장,"5,703"
1535,마포구,서교동,2130190,홍대소상공인상점가,전통시장,"35,474"
1536,마포구,서교동,2130191,홍대 걷고싶은 거리,전통시장,"61,668"
1537,마포구,연남동,2130192,동진시장,전통시장,"3,720"
1538,마포구,신수동,2130193,신수시장,전통시장,"6,635"
1539,마포구,용강동,2130194,용강동 상점가,전통시장,"54,187"
1540,마포구,도화동,2130195,도화동 상점가,전통시장,"107,668"
1541,마포구,아현동,2130196,공덕시장,전통시장,"7,793"
1542,마포구,아현동,2130197,마포시장,전통시장,"9,459"
1543,마포구,아현동,2130198,아현시장,전통시장,"27,830"
1544,양천구,신월3동,2130199,신월3동 골목시장,전통시장,"21,228"
1545,양천구,신월7동,2130200,"신월7동 골목시장
(약수시장, 우성상가)",전통시장,"13,649"
1546,양천구,신월1동,2130201,월정로시장,전통시장,"35,896"
1547,양천구,신월1동,2130202,신영시장,전통시장,"46,710"
1548,양천구,신월1동,2130203,서서울 골목형상점가,전통시장,"21,060"
1549,양천구,신월2동,2130204,경창시장,전통시장,"29,051"
1550,양천구,신월6동,2130205,"신곡종합시장
(신월6동 골목시장)",전통시장,"20,944"
1552,양천구,신정1동,2130207,"신정1동 골목시장
(신정제일시장)",전통시장,"15,621"
1553,양천구,목3동,2130208,"목동깨비시장
(목3동시장)",전통시장,"51,461"
1554,양천구,목4동,2130209,"목사랑시장
(목4동시장)",전통시장,"33,154"
1555,양천구,목2동,2130210,목2동시장,전통시장,"43,374"
1556,양천구,신정2동,2130211,"신정2동 골목시장
(오목교중앙시장)",전통시장,"23,447"
1557,강서구,방화2동,2130212,공항시장,전통시장,"26,425"
1558,강서구,방화1동,2130213,방신전통시장,전통시장,"19,663"
1559,강서구,발산1동,2130214,"송화벽화시장
(송화골목시장)",전통시장,"30,128"
1560,강서구,화곡3동,2130215,대원종합시장,전통시장,"3,018"
1561,강서구,화곡1동,2130216,화곡중앙시장,전통시장,"34,641"
1562,강서구,화곡본동,2130217,화곡본동시장,전통시장,"21,476"
1563,강서구,등촌3동,2130218,신월중앙시장,전통시장,"6,713"
1564,강서구,화곡8동,2130219,까치산시장,전통시장,"44,314"
1565,강서구,등촌1동,2130220,등마루시장,전통시장,"2,665"
1566,강서구,화곡4동,2130221,"남부골목시장
(남부화곡시장, 남부시장)",전통시장,"81,643"
1567,구로구,오류1동,2130222,오류시장,전통시장,"19,824"
1568,구로구,고척2동,2130223,고척근린시장,전통시장,"29,327"
1569,구로구,고척2동,2130224,"개봉프라자
(고척근린시장)",전통시장,"2,787"
1570,구로구,개봉2동,2130225,개봉중앙시장,전통시장,"80,508"
1571,구로구,고척1동,2130226,고척프라자,전통시장,"6,418"
1572,구로구,고척1동,2130227,"고척골목시장상점가
(그라운드 고척)",전통시장,"16,681"
1573,구로구,구로4동,2130228,구로시장,전통시장,"13,791"
1574,구로구,구로2동,2130229,남구로시장,전통시장,"48,146"
1575,구로구,가리봉동,2130230,가리봉시장,전통시장,"24,575"
1576,금천구,독산1동,2130231,독산동 우시장,전통시장,"62,202"
1577,금천구,독산4동,2130232,"독산동 맛나는거리상점가
(독산동  맛나는거리)",전통시장,"29,303"
1578,금천구,독산3동,2130233,남문시장,전통시장,"48,240"
1579,금천구,독산3동,2130234,"푸른터시장
(기능상실)",전통시장,"2,573"
1580,금천구,시흥1동,2130235,"대명여울빛거리시장
(대명시장)",전통시장,"50,119"
1581,금천구,시흥1동,2130236,"비단길현대시장
(현대시장)",전통시장,"71,042"
1582,금천구,시흥3동,2130237,"박미시장
(기능상실)",전통시장,"7,711"
1583,금천구,시흥5동,2130238,은행나무시장,전통시장,"37,223"
1585,영등포구,당산1동,2130240,영등포유통상가,전통시장,"37,979"
1586,영등포구,양평2동,2130241,선유도역 골목형상점가,전통시장,"73,483"
1587,영등포구,대림2동,2130242,대림중앙 골목형상점가,전통시장,"19,610"
1588,영등포구,도림동,2130243,도림시장,전통시장,"5,297"
1589,영등포구,대림2동,2130244,대림중앙시장,전통시장,"44,231"
1590,영등포구,문래동,2130245,영일시장,전통시장,"62,163"
1591,영등포구,당산1동,2130246,"영등포청과시장
(조광시장)",전통시장,"96,389"
1592,영등포구,대림1동,2130247,우리시장,전통시장,"19,589"
1593,영등포구,영등포본동,2130248,영등포역지하도상점가,전통시장,"143,076"
1594,영등포구,영등포동,2130249,동남상가,전통시장,"1,866"
1595,영등포구,영등포동,2130250,"삼구시장
(로타리상가)",전통시장,"3,712"
1596,영등포구,영등포동,2130251,영등포시장지하도상점가,전통시장,"4,081"
1597,영등포구,영등포동,2130252,영등포로타리지하도상점가,전통시장,"3,117"
1598,영등포구,영등포동,2130253,"영신상가
(제일상가)",전통시장,"4,066"
1599,영등포구,영등포동,2130254,남서울상가,전통시장,"3,152"
1600,영등포구,영등포동,2130255,영등포전통시장,전통시장,"53,871"
1601,영등포구,신길3동,2130256,신동시장,전통시장,"7,089"
1602,영등포구,영등포동,2130257,영등포시장기계공구상가,전통시장,"38,854"
1603,영등포구,신길6동,2130258,영진시장A동,전통시장,"2,957"
1604,영등포구,신길1동,2130259,대신시장,전통시장,"5,841"
1605,동작구,신대방1동,2130260,신대방1동골목상권,전통시장,"23,557"
1606,동작구,상도3동,2130261,"성대전통시장
(성대시장)",전통시장,"48,995"
1607,동작구,상도2동,2130262,상도도깨비 골목형상점가,전통시장,"25,945"
1608,동작구,노량진2동,2130263,"신노량진시장
(기능상실)",전통시장,"5,698"
1609,동작구,상도4동,2130264,상도약수골목형상점가,전통시장,"18,180"
1610,동작구,노량진1동,2130265,노량진중앙시장,전통시장,"12,070"
1611,동작구,노량진1동,2130266,만양로상점가,전통시장,"4,072"
1612,동작구,노량진1동,2130267,"본동인정시장
(기능상실)",전통시장,"24,351"
1613,동작구,상도1동,2130268,상도전통시장,전통시장,"49,486"
1614,동작구,상도1동,2130269,"강남시장
(동작구 강남시장)",전통시장,"3,363"
1615,동작구,흑석동,2130270,흑석시장,전통시장,"4,335"
1616,동작구,사당4동,2130271,남성역골목시장,전통시장,"28,694"
1617,동작구,사당4동,2130272,사당시장,전통시장,"6,024"
1618,동작구,사당2동,2130273,"남성사계시장
(남성시장)",전통시장,"43,049"
1619,동작구,사당1동,2130274,"사당1동먹자골목상점가
(사당1동먹자골목)",전통시장,"39,447"
1621,관악구,조원동,2130276,"신림중앙시장
(조원동 펭귄시장)",전통시장,"8,321"
1622,관악구,조원동,2130277,"조원동 펭귄시장
(신림중앙시장)",전통시장,"32,191"
1623,관악구,미성동,2130278,미성동 도깨비시장 골목형상점가,전통시장,"22,269"
1624,관악구,신사동,2130279,관악신사시장,전통시장,"46,459"
1625,관악구,신사동,2130280,신림종합시장,전통시장,"3,932"
1626,관악구,난곡동,2130281,우림시장,전통시장,"6,568"
1627,관악구,난곡동,2130282,난곡 골목형상점가,전통시장,"11,477"
1628,관악구,신원동,2130283,신원시장,전통시장,"35,837"
1629,관악구,신원동,2130284,"관악종합시장
(신원시장)",전통시장,"2,766"
1630,관악구,서원동,2130285,서원동상점가,전통시장,"50,350"
1631,관악구,삼성동,2130286,"신신림시장
(삼성동시장)",전통시장,"5,561"
1632,관악구,삼성동,2130287,"삼성동 시장
(삼성동시장)",전통시장,"13,144"
1633,관악구,서림동,2130288,신림현대종합상가,전통시장,"3,970"
1634,관악구,은천동,2130289,봉일시장,전통시장,"4,877"
1635,관악구,청룡동,2130290,영림시장,전통시장,"72,035"
1636,관악구,청룡동,2130291,봉천제일종합시장,전통시장,"3,133"
1637,관악구,은천동,2130292,봉천현대시장,전통시장,"5,690"
1638,관악구,중앙동,2130293,봉천중앙시장,전통시장,"17,288"
1639,관악구,행운동,2130294,관악중부시장,전통시장,"28,480"
1640,관악구,인헌동,2130295,"인헌시장
(원당종합시장)",전통시장,"41,753"
1641,서초구,방배본동,2130296,남부종합시장,전통시장,"6,610"
1642,서초구,반포4동,2130297,강남터미널지하도상점가1구역,전통시장,"3,395"
1643,서초구,반포4동,2130298,강남터미널지하도상점가2구역,전통시장,"5,738"
1644,서초구,반포4동,2130299,엔터식스 강남점,전통시장,"135,951"
1645,서초구,반포4동,2130300,강남터미널지하도상점가3구역,전통시장,"4,762"
1646,서초구,양재1동,2130301,양재시장,전통시장,"5,222"
1647,강남구,신사동,2130302,"강남시장
(강남구 강남시장)",전통시장,"4,104"
1648,강남구,논현1동,2130303,영동전통시장,전통시장,"39,101"
1649,강남구,압구정동,2130304,신사상가,전통시장,"9,440"
1650,강남구,논현2동,2130305,논현종합시장,전통시장,"6,652"
1651,강남구,역삼1동,2130306,강남언주로,전통시장,"23,318"
1652,강남구,역삼2동,2130307,도곡시장,전통시장,"14,571"
1653,강남구,청담동,2130308,청담삼익시장,전통시장,"7,689"
1654,강남구,대치2동,2130309,은마종합상점가,전통시장,"28,751"
1655,강남구,개포2동,2130310,강남개포시장,전통시장,"26,017"
1656,송파구,잠실본동,2130311,새마을시장,전통시장,"80,035"
1658,송파구,방이2동,2130313,방이시장,전통시장,"136,629"
1659,송파구,풍납1동,2130314,풍납시장,전통시장,"117,781"
1660,송파구,문정1동,2130315,"문정동 로데오거리 상점가
(문정동 로데오거리)",전통시장,"73,429"
1661,송파구,마천2동,2130316,마천시장,전통시장,"9,628"
1662,송파구,마천2동,2130317,마천중앙시장,전통시장,"33,075"
1663,강동구,천호2동,2130318,로데오거리상점가,전통시장,"58,477"
1664,강동구,성내2동,2130319,성내전통시장,전통시장,"28,670"
1665,강동구,암사1동,2130320,암사종합시장,전통시장,"37,320"
1666,강동구,성내1동,2130321,장신구 특화거리 상점가,전통시장,"38,412"
1667,강동구,천호3동,2130322,고분다리전통시장,전통시장,"31,695"
1668,강동구,성내3동,2130323,둔촌역전통시장,전통시장,"36,519"
1669,강동구,길동,2130324,길동복조리시장,전통시장,"29,606"
1670,강동구,명일1동,2130325,명일전통시장,전통시장,"27,660"
1671,강동구,고덕2동,2130326,고덕 골목형상점가,전통시장,"29,846"
